PLAYER_ID,LEAGUE_ID,Team_ID,GP,GS,MIN,FGM,FGA,FG_PCT,FG3M,FG3A,FG3_PCT,FTM,FTA,FT_PCT,OREB,DREB,REB,AST,STL,BLK,TOV,PF,PTS
200746,00,0,1076,997,33.7,7.7,15.7,0.493,0.2,0.7,0.32,3.4,4.2,0.813,2.6,5.5,8.1,1.9,0.7,1.1,1.5,2.4,19.1
951,00,0,1300,1149,35.7,6.6,14.6,0.452,2.3,5.7,0.4,3.4,3.8,0.894,0.9,3.1,4.1,3.4,1.1,0.2,2.1,2.2,18.9
2754,00,0,820,441,22.0,3.2,6.6,0.475,0.2,0.5,0.282,1.7,2.3,0.709,1.2,2.3,3.5,1.3,1.4,0.4,1.4,2.4,8.1
200811,00,0,428,42,12.9,1.5,3.2,0.474,0.0,0.0,0.0,0.6,1.4,0.444,1.5,2.1,3.6,0.4,0.4,0.7,0.7,2.0,3.7
2365,00,0,695,45,17.7,1.9,3.6,0.532,0.0,0.1,0.221,1.5,2.3,0.654,1.7,3.3,5.0,0.5,0.4,1.4,0.7,1.9,5.4
101187,00,0,330,66,20.6,2.6,6.3,0.405,1.0,2.9,0.344,1.2,1.5,0.816,0.5,1.7,2.2,1.1,0.6,0.1,0.9,1.8,7.3
2546,00,0,1260,1120,34.5,8.0,18.0,0.447,1.4,3.9,0.355,5.0,6.2,0.814,1.6,4.6,6.2,2.7,1.0,0.5,2.4,2.8,22.5
201202,00,0,490,110,14.4,0.8,1.6,0.513,0.0,0.0,0.0,0.5,0.8,0.662,1.1,1.6,2.8,0.2,0.3,1.1,0.5,1.7,2.2
2772,00,0,1118,769,29.5,3.7,8.8,0.422,1.4,4.1,0.351,1.5,2.1,0.731,1.0,3.8,4.8,2.1,1.5,0.3,1.3,2.0,10.4
201571,00,0,976,334,23.4,3.1,7.4,0.412,1.3,3.4,0.381,2.1,2.4,0.867,0.3,1.6,1.8,3.9,0.6,0.0,1.5,1.4,9.5
2571,00,0,850,112,21.6,4.0,8.7,0.459,1.2,3.0,0.387,1.5,1.8,0.821,0.4,1.6,2.0,2.1,0.8,0.1,1.2,1.9,10.6
200826,00,0,831,108,19.6,3.4,8.0,0.424,1.0,2.8,0.352,1.1,1.4,0.794,0.3,1.8,2.1,3.9,0.4,0.0,1.5,1.4,8.9
2440,00,0,929,359,23.6,3.0,6.9,0.436,1.1,3.2,0.335,1.1,1.5,0.745,1.1,3.5,4.6,1.8,0.8,0.5,1.3,2.5,8.2
2853,00,0,140,31,14.2,1.8,4.9,0.371,0.0,0.1,0.167,0.9,1.3,0.702,1.3,2.2,3.5,0.5,0.3,0.2,0.8,1.9,4.6
201587,00,0,957,815,30.3,3.9,8.9,0.437,1.6,4.4,0.364,1.5,1.8,0.833,1.0,4.1,5.1,3.4,0.9,0.6,1.6,1.7,10.9
203382,00,0,522,168,16.0,2.4,4.9,0.489,0.2,0.7,0.308,1.0,1.2,0.794,1.5,3.0,4.6,0.8,0.2,0.5,0.9,2.2,6.0
201158,00,0,860,219,22.7,3.4,8.1,0.424,1.4,3.8,0.376,1.5,1.7,0.846,0.2,1.8,2.1,1.7,0.6,0.1,1.0,1.4,9.7
201976,00,0,561,473,27.3,3.0,7.3,0.413,1.6,4.1,0.376,1.1,1.4,0.759,1.1,3.1,4.2,3.4,1.1,0.5,1.3,3.1,8.7
1497,00,0,1043,937,31.6,4.5,10.9,0.415,1.8,4.5,0.387,4.3,4.8,0.894,0.5,2.4,2.9,5.4,1.0,0.2,2.0,2.1,15.2
202357,00,0,449,162,20.4,2.8,6.1,0.466,1.1,2.9,0.384,0.8,1.0,0.759,1.1,3.5,4.6,1.8,0.6,0.4,1.0,2.4,7.6
2581,00,0,870,347,23.9,2.4,5.9,0.401,1.2,3.1,0.383,0.6,0.7,0.779,0.3,1.8,2.1,4.0,0.7,0.1,1.4,1.5,6.5
2586,00,0,671,333,21.7,2.2,5.6,0.394,1.1,3.0,0.353,0.9,1.2,0.716,0.6,2.1,2.7,1.3,0.6,0.1,0.9,1.8,6.3
202711,00,0,647,530,29.2,5.3,11.6,0.459,2.1,5.3,0.394,2.7,3.1,0.864,0.5,3.1,3.6,1.6,0.6,0.1,1.7,1.6,15.4
101106,00,0,706,661,28.1,4.2,7.9,0.535,0.0,0.0,0.12,1.2,2.1,0.557,2.5,6.2,8.7,2.2,0.6,1.5,1.7,3.1,9.6
2588,00,0,792,112,16.9,2.2,4.8,0.464,1.0,2.4,0.414,0.4,0.5,0.78,0.8,2.2,3.0,0.7,0.4,0.3,0.4,1.7,5.8
1882,00,0,1058,868,33.0,6.2,12.5,0.5,0.0,0.0,0.095,3.4,4.7,0.736,3.1,5.4,8.5,2.1,0.9,1.7,1.9,2.9,15.9
201147,00,0,819,310,22.9,3.3,7.7,0.425,0.6,2.2,0.284,1.5,2.1,0.713,0.7,2.0,2.8,1.5,1.2,0.3,1.2,2.2,8.7
201166,00,0,645,183,20.8,3.5,8.5,0.413,1.3,3.4,0.37,1.4,1.7,0.837,0.4,1.3,1.7,3.0,0.6,0.1,1.6,1.9,9.7
201628,00,0,158,2,10.7,1.7,4.5,0.379,0.6,1.9,0.317,0.3,0.4,0.806,0.1,0.5,0.7,1.5,0.3,0.0,0.8,0.9,4.4
977,00,0,1346,1198,36.1,8.7,19.5,0.447,1.4,4.1,0.329,6.2,7.4,0.837,1.1,4.1,5.2,4.7,1.4,0.5,3.0,2.5,25.0
2406,00,0,881,732,32.2,5.2,12.0,0.434,0.8,2.4,0.348,2.8,3.3,0.847,1.3,3.7,5.0,2.3,1.3,0.2,1.8,2.4,14.1
202710,00,0,721,616,33.2,5.8,12.6,0.463,0.8,2.5,0.321,5.5,6.5,0.842,1.6,3.8,5.3,4.2,1.7,0.5,1.6,1.4,17.9
2446,00,0,809,266,21.3,2.8,7.0,0.403,1.1,3.1,0.362,0.7,1.0,0.747,0.4,2.0,2.4,0.8,0.4,0.5,0.7,1.4,7.5
101181,00,0,895,591,26.4,3.4,7.2,0.472,1.0,2.5,0.407,1.0,1.2,0.873,0.3,2.1,2.4,5.8,0.8,0.1,1.5,1.6,8.9
948,00,0,973,786,29.5,3.9,8.3,0.466,0.0,0.1,0.205,1.8,2.6,0.67,2.7,7.1,9.8,1.9,1.0,2.4,1.4,2.8,9.5
201960,00,0,578,339,23.7,3.1,7.3,0.43,1.1,3.2,0.358,1.5,2.1,0.741,1.1,3.1,4.2,1.3,0.9,0.3,0.9,1.9,8.9
1713,00,0,1541,982,30.1,6.0,13.8,0.435,1.5,4.0,0.371,3.1,3.9,0.798,1.1,3.2,4.3,3.1,1.0,0.6,1.7,2.6,16.7
2199,00,0,1160,886,27.3,3.1,5.1,0.597,0.0,0.0,0.0,2.1,3.2,0.644,3.0,6.0,9.0,0.8,0.5,1.2,1.4,2.8,8.2
201163,00,0,676,483,30.0,4.8,10.9,0.443,1.3,3.8,0.341,1.6,2.0,0.77,1.1,4.2,5.3,1.8,0.7,0.6,1.4,2.7,12.5
2215,00,0,735,477,20.4,1.2,3.0,0.411,0.0,0.0,0.206,1.1,1.6,0.647,1.2,2.4,3.7,0.9,0.5,0.5,0.8,2.8,3.6
2555,00,0,910,177,20.4,2.4,4.6,0.534,0.0,0.1,0.208,1.0,1.4,0.723,1.9,3.2,5.2,1.0,0.5,0.5,1.0,2.8,5.9
201144,00,0,993,956,31.9,5.2,11.9,0.438,1.6,4.1,0.381,2.7,3.3,0.819,0.5,2.5,3.0,5.7,1.4,0.2,2.0,2.0,14.7
2037,00,0,1327,433,29.4,5.1,12.4,0.41,1.7,4.8,0.348,2.8,3.2,0.862,0.4,1.9,2.2,3.4,0.9,0.2,1.9,1.5,14.6
201939,00,0,856,850,34.3,8.4,17.7,0.474,3.8,8.9,0.427,3.9,4.3,0.908,0.7,4.0,4.7,6.5,1.6,0.2,3.1,2.4,24.5
2223,00,0,886,694,24.4,3.2,6.1,0.521,0.0,0.0,0.083,1.3,1.9,0.706,2.6,5.3,7.8,0.5,0.5,1.7,1.4,2.9,7.7
202334,00,0,722,106,19.1,2.5,4.3,0.567,0.0,0.0,0.0,1.0,1.8,0.583,2.2,4.2,6.4,0.7,0.5,0.8,0.7,2.4,5.9
203473,00,0,506,209,17.4,2.5,4.8,0.527,0.4,1.1,0.336,1.0,1.3,0.735,1.5,4.3,5.8,0.7,0.5,0.8,1.0,2.5,6.4
2736,00,0,902,828,34.3,5.7,12.5,0.456,0.7,2.2,0.332,2.7,3.5,0.769,1.6,4.4,6.1,2.3,1.0,0.5,1.6,1.7,14.8
2564,00,0,1064,564,27.0,3.6,7.2,0.493,0.4,1.3,0.336,1.0,1.4,0.717,1.2,3.2,4.4,3.5,0.6,0.5,1.8,2.1,8.6
2039,00,0,728,86,19.4,2.5,6.0,0.416,0.6,1.8,0.349,1.4,1.7,0.799,0.2,1.1,1.3,2.2,0.6,0.1,1.1,1.7,7.0
201609,00,0,929,530,27.3,4.9,10.7,0.46,1.2,3.4,0.362,2.4,3.1,0.765,0.7,2.3,3.0,4.7,0.9,0.2,2.2,2.3,13.5
201162,00,0,904,286,22.3,2.7,5.7,0.463,1.0,2.5,0.393,1.0,1.4,0.732,0.9,2.3,3.2,1.5,0.8,0.2,0.8,1.8,7.3
201142,00,0,978,975,36.7,9.3,18.7,0.498,1.9,4.9,0.384,6.7,7.6,0.886,0.7,6.4,7.1,4.3,1.1,1.1,3.2,1.9,27.3
201961,00,0,770,206,20.9,2.9,7.1,0.41,1.6,4.1,0.382,0.7,0.8,0.843,0.3,1.8,2.1,1.1,0.5,0.1,0.7,1.1,8.0
2408,00,0,375,55,16.0,2.1,4.5,0.46,0.0,0.0,0.0,1.1,1.8,0.625,1.2,2.0,3.2,0.7,0.3,0.6,1.0,2.0,5.3
2501,00,0,809,372,19.3,1.4,2.9,0.465,0.0,0.0,0.091,1.3,2.5,0.528,2.5,4.7,7.1,0.6,0.7,0.1,1.1,2.3,4.1
101109,00,0,971,659,29.7,4.2,10.3,0.412,1.0,2.9,0.329,1.8,2.2,0.79,0.6,2.4,3.0,5.2,1.2,0.2,2.1,1.9,11.2
965,00,0,1287,731,25.4,2.9,7.2,0.399,1.0,2.6,0.374,1.6,1.9,0.817,0.3,1.7,2.1,3.0,1.1,0.1,1.1,2.1,8.3
200751,00,0,752,433,25.6,3.6,9.0,0.401,1.5,4.0,0.366,1.6,1.9,0.852,0.3,1.9,2.2,2.8,0.7,0.3,1.5,2.1,10.3
101112,00,0,890,445,22.2,3.3,7.5,0.44,1.2,3.0,0.388,1.0,1.2,0.822,0.9,3.6,4.5,1.0,0.5,0.6,0.9,2.5,8.7
201568,00,0,728,563,29.9,4.7,11.1,0.428,2.0,5.1,0.382,4.1,4.7,0.877,0.7,4.1,4.8,1.9,0.7,0.4,1.2,1.8,15.6
101128,00,0,549,137,21.6,2.8,6.7,0.427,1.1,3.0,0.357,1.1,1.4,0.799,0.5,2.0,2.6,1.4,0.8,0.7,1.0,2.2,7.9
708,00,0,1462,1425,34.5,7.2,14.5,0.497,0.1,0.4,0.275,3.3,4.2,0.789,2.2,7.8,10.0,3.7,1.3,1.4,2.2,2.4,17.8
201188,00,0,891,866,32.2,5.2,10.8,0.481,0.5,1.3,0.36,3.2,4.1,0.776,1.6,5.8,7.4,3.4,0.9,1.4,2.0,2.9,14.0
2200,00,0,1226,1150,33.4,6.5,12.8,0.507,0.1,0.4,0.368,3.9,5.1,0.753,2.5,6.7,9.2,3.2,0.5,1.6,2.2,2.1,17.0
200752,00,0,1096,779,31.2,6.0,13.4,0.452,1.1,3.1,0.347,2.8,3.5,0.798,1.3,4.4,5.7,2.1,1.1,0.7,2.0,2.3,16.0
201959,00,0,922,449,24.1,3.7,7.1,0.518,0.1,0.2,0.254,1.5,2.1,0.713,2.2,3.8,6.0,1.0,0.6,1.0,1.1,2.5,8.9
1938,00,0,1057,349,25.4,4.3,9.7,0.447,1.4,3.8,0.369,3.2,3.9,0.827,0.6,2.8,3.5,3.8,1.3,0.3,2.0,2.1,13.3
2400,00,0,790,500,25.5,4.3,9.4,0.462,0.1,0.4,0.257,2.2,2.8,0.76,2.4,4.7,7.1,1.1,0.7,0.6,1.5,2.5,11.0
201569,00,0,787,608,32.3,5.5,12.8,0.428,2.3,6.2,0.37,2.9,3.5,0.81,0.4,2.0,2.4,2.8,0.8,0.3,1.9,1.8,16.2
101162,00,0,806,587,25.7,4.2,7.7,0.551,0.0,0.0,0.15,1.4,2.1,0.68,2.2,5.8,7.9,1.1,0.5,1.1,1.2,2.2,9.9
201980,00,0,819,709,25.3,3.1,7.3,0.421,1.9,4.8,0.399,0.7,0.8,0.804,0.6,2.8,3.4,1.6,1.0,0.8,1.0,1.8,8.7
101123,00,0,658,118,19.8,3.5,8.4,0.417,1.5,4.1,0.361,1.3,1.5,0.818,0.5,2.0,2.5,0.9,0.5,0.3,1.1,1.9,9.7
201145,00,0,1075,650,28.8,4.5,10.1,0.449,1.0,3.0,0.338,2.4,3.0,0.804,0.9,3.4,4.3,1.5,0.7,0.5,1.4,2.2,12.5
2584,00,0,731,297,20.2,3.3,7.8,0.425,0.7,2.0,0.346,1.0,1.3,0.765,0.3,1.5,1.8,1.4,0.5,0.1,1.0,1.7,8.3
201933,00,0,741,684,32.5,7.3,14.7,0.493,0.7,2.2,0.327,4.2,6.1,0.696,2.0,6.2,8.1,4.1,0.8,0.5,2.3,2.7,19.5
1888,00,0,921,783,32.1,6.5,14.4,0.449,0.6,1.7,0.346,3.5,4.1,0.852,0.9,2.2,3.1,3.4,0.8,0.1,2.1,2.5,17.1
201935,00,0,970,756,34.7,7.3,16.6,0.442,2.8,7.6,0.362,7.4,8.6,0.86,0.8,4.9,5.6,6.9,1.5,0.5,3.7,2.6,24.8
1733,00,0,981,445,28.5,5.1,11.5,0.444,1.0,2.8,0.352,2.2,3.1,0.727,1.5,4.1,5.6,1.7,0.9,0.3,1.9,3.1,13.5
2734,00,0,985,448,24.3,3.5,8.2,0.432,0.8,2.6,0.325,2.8,3.6,0.796,0.3,1.9,2.2,3.9,1.0,0.2,1.7,2.2,10.8
2617,00,0,877,501,24.7,3.0,6.2,0.489,0.0,0.1,0.095,1.4,1.9,0.756,1.8,4.8,6.6,0.8,0.5,0.3,0.9,2.4,7.5
101236,00,0,644,244,18.3,1.6,3.3,0.498,0.0,0.0,0.0,0.5,0.8,0.62,1.7,3.3,5.0,1.2,0.7,0.4,0.7,2.3,3.7
2217,00,0,816,549,22.9,2.6,4.9,0.528,0.0,0.0,0.0,1.6,2.8,0.587,2.6,3.4,6.0,0.5,0.4,1.4,1.0,2.5,6.8
201588,00,0,901,483,27.0,3.7,8.2,0.456,1.2,3.1,0.379,1.9,2.4,0.805,0.6,2.4,3.0,3.1,0.9,0.3,1.2,1.9,10.5
255,00,0,1026,972,33.9,6.2,12.8,0.483,0.2,0.7,0.314,4.1,5.4,0.769,1.1,4.9,6.0,4.1,1.2,0.6,2.4,2.3,16.7
2550,00,0,879,665,30.7,4.0,9.7,0.411,1.3,3.6,0.375,1.6,2.0,0.8,0.4,2.6,2.9,4.8,1.1,0.3,1.8,2.8,10.9
201143,00,0,985,975,32.1,5.6,11.0,0.514,0.7,1.9,0.367,1.6,2.1,0.759,2.0,6.1,8.1,3.3,0.8,1.2,1.5,2.2,13.5
2730,00,0,1242,1078,31.8,5.7,9.7,0.587,0.0,0.1,0.214,4.3,7.6,0.567,3.3,8.4,11.8,1.3,0.9,1.8,2.7,3.1,15.7
2572,00,0,507,403,30.3,5.4,12.2,0.448,0.7,2.0,0.332,2.8,3.6,0.77,1.7,4.0,5.7,1.6,1.0,0.5,1.4,2.6,14.3
436,00,0,1208,900,30.3,5.4,11.5,0.469,0.0,0.0,0.12,2.5,3.3,0.764,1.9,4.2,6.1,2.2,0.7,0.3,2.0,2.9,13.4
1626273,00,0,76,1,14.5,1.6,3.9,0.409,0.3,1.1,0.25,0.5,0.6,0.783,0.3,1.2,1.5,3.1,0.5,0.1,1.3,1.2,3.9
201586,00,0,919,697,27.3,5.0,9.7,0.513,0.7,1.9,0.359,1.4,1.8,0.757,2.1,5.0,7.1,0.8,0.4,1.9,1.3,2.7,12.0
2738,00,0,1226,784,32.2,4.1,8.9,0.463,0.9,2.7,0.33,2.3,3.3,0.709,0.9,4.0,4.9,4.2,1.4,0.5,1.8,1.8,11.4
101141,00,0,825,424,23.0,3.8,8.5,0.443,1.1,2.9,0.367,1.5,1.9,0.777,1.7,4.0,5.6,1.1,0.7,0.4,1.0,2.4,10.1
204060,00,0,602,313,25.6,3.0,6.8,0.448,1.8,4.5,0.406,0.7,0.9,0.769,0.3,2.9,3.2,3.7,0.9,0.2,1.6,1.9,8.6
101127,00,0,867,399,27.8,3.9,8.9,0.44,0.7,2.1,0.343,2.3,2.7,0.855,0.3,2.5,2.9,4.6,0.8,0.1,2.0,1.8,10.8
1536,00,0,858,676,31.9,5.4,13.0,0.414,1.5,4.4,0.333,2.9,3.7,0.798,0.8,3.1,3.9,3.1,1.3,0.4,2.5,2.4,15.1
2544,00,0,1400,1399,38.1,10.0,19.7,0.505,1.6,4.6,0.344,5.7,7.8,0.735,1.2,6.3,7.5,7.3,1.6,0.8,3.5,1.8,27.2
2229,00,0,595,286,24.1,3.6,8.6,0.417,1.2,3.0,0.379,1.5,1.9,0.802,0.4,1.9,2.2,3.5,0.8,0.1,1.5,2.0,9.9
1712,00,0,1083,864,34.8,7.1,15.7,0.451,1.1,3.1,0.346,3.3,4.5,0.724,2.4,5.2,7.5,1.6,1.0,0.4,1.6,2.4,18.5
2744,00,0,915,651,28.7,6.7,13.5,0.499,0.0,0.1,0.121,2.2,3.1,0.711,2.2,6.2,8.4,1.5,0.7,1.2,1.3,2.6,15.7
2210,00,0,1181,809,29.0,4.4,9.4,0.464,0.9,2.3,0.376,3.0,3.9,0.768,0.8,3.2,4.0,2.0,0.7,0.3,1.5,2.2,12.6
201949,00,0,758,243,20.3,3.0,6.4,0.474,0.5,1.7,0.302,1.1,1.6,0.679,0.8,2.8,3.5,2.1,0.8,0.9,1.4,2.3,7.6
2207,00,0,1277,1091,34.6,6.1,13.9,0.441,1.5,4.2,0.371,2.2,2.7,0.802,0.8,3.1,4.0,3.9,0.8,0.2,1.9,1.8,16.0
2563,00,0,624,157,15.7,1.9,4.4,0.439,0.2,0.5,0.329,1.3,1.8,0.751,0.4,1.3,1.7,0.8,0.4,0.2,0.8,1.9,5.4
2592,00,0,709,93,15.7,1.7,4.2,0.401,1.1,2.7,0.401,0.7,0.9,0.84,0.3,1.5,1.8,0.5,0.3,0.3,0.3,1.3,5.2
201599,00,0,1010,780,26.4,3.6,5.4,0.674,0.0,0.0,0.154,1.7,3.6,0.475,3.0,7.2,10.2,0.9,0.5,1.5,1.4,2.5,9.0
2549,00,0,735,538,26.7,4.7,9.6,0.489,0.0,0.0,0.042,1.8,2.5,0.743,2.0,5.6,7.6,1.3,0.4,1.3,2.1,2.7,11.2
467,00,0,1391,1350,36.0,4.5,11.2,0.4,1.4,4.1,0.349,2.2,2.8,0.785,1.3,5.0,6.3,8.7,1.9,0.3,2.9,1.8,12.6
1905,00,0,797,546,30.0,3.9,8.3,0.474,0.5,1.5,0.31,3.5,4.6,0.754,1.8,3.7,5.5,2.7,1.4,1.8,1.9,2.0,11.8
2594,00,0,1232,423,25.3,3.3,7.5,0.442,2.0,4.6,0.429,1.1,1.2,0.877,0.3,2.7,3.0,1.7,0.7,0.3,1.0,2.0,9.7
201584,00,0,811,518,27.1,3.7,8.1,0.451,1.1,2.8,0.388,1.2,1.4,0.853,0.4,2.2,2.6,1.7,1.0,0.3,0.9,1.7,9.6
101135,00,0,829,505,29.3,5.5,10.3,0.535,0.0,0.0,0.034,2.5,3.2,0.772,2.6,6.2,8.8,2.2,0.8,0.4,1.8,2.6,13.5
1740,00,0,1049,842,32.0,5.4,11.9,0.452,1.7,4.4,0.386,2.4,3.0,0.805,1.4,3.8,5.2,1.7,1.1,0.5,1.5,2.3,14.9
2733,00,0,833,191,20.6,2.6,5.3,0.486,0.0,0.1,0.178,1.1,1.4,0.794,0.6,1.8,2.4,3.0,0.7,0.4,1.2,1.8,6.3
201572,00,0,911,871,30.2,6.2,12.6,0.494,0.8,2.3,0.346,3.0,3.8,0.796,2.0,4.2,6.2,1.4,0.6,1.8,1.7,2.6,16.3
201577,00,0,964,604,21.6,3.6,6.7,0.537,0.1,0.2,0.298,1.3,1.8,0.742,2.2,2.6,4.8,0.8,0.2,1.1,1.1,1.9,8.6
201567,00,0,849,662,30.4,5.7,12.9,0.439,1.8,4.9,0.372,4.1,4.9,0.83,2.5,8.0,10.5,2.3,0.6,0.4,1.9,2.0,17.2
200768,00,0,1059,823,32.0,4.7,11.1,0.424,1.9,5.3,0.367,3.3,4.1,0.815,0.8,3.6,4.4,6.3,1.3,0.3,2.4,2.8,14.7
101249,00,0,242,8,12.1,1.9,4.9,0.383,0.7,2.0,0.344,0.3,0.4,0.768,0.2,0.7,1.0,1.5,0.4,0.0,0.5,0.8,4.7
1894,00,0,827,478,28.2,4.9,10.8,0.453,0.6,1.7,0.324,5.6,6.8,0.822,1.1,3.8,4.9,2.1,0.7,0.2,2.3,2.8,16.0
101133,00,0,618,133,16.7,1.9,3.6,0.533,0.0,0.1,0.16,1.3,2.1,0.612,1.5,2.9,4.4,0.6,0.6,0.7,1.0,2.6,5.2
1890,00,0,1163,1062,34.5,6.3,12.9,0.484,0.7,2.1,0.331,2.0,2.5,0.81,2.3,6.3,8.7,1.9,1.5,1.1,1.5,2.2,15.2
1626246,00,0,301,25,9.0,2.2,3.8,0.576,0.0,0.1,0.25,1.4,1.8,0.766,1.3,2.4,3.7,0.5,0.2,0.3,0.6,1.1,5.7
2030,00,0,757,667,30.6,5.1,10.6,0.483,0.1,0.4,0.234,2.0,3.2,0.629,1.7,5.1,6.8,1.9,1.2,1.1,1.7,3.3,12.3
2755,00,0,714,504,30.2,5.4,12.3,0.437,1.6,4.2,0.384,5.0,5.7,0.87,0.6,2.6,3.2,1.9,0.9,0.1,1.7,1.9,17.4
2427,00,0,518,103,17.7,2.3,5.7,0.408,1.1,3.0,0.383,0.6,0.7,0.866,0.2,1.6,1.7,1.3,0.4,0.1,0.7,1.4,6.3
202083,00,0,925,754,30.0,4.1,9.7,0.42,1.9,5.2,0.377,1.8,2.2,0.824,0.5,2.3,2.8,1.9,1.0,0.2,1.1,2.1,11.9
201601,00,0,689,453,23.3,2.4,5.4,0.454,0.3,0.9,0.334,1.2,1.8,0.659,1.4,2.7,4.1,0.9,0.9,0.4,0.9,1.8,6.4
201580,00,0,849,343,16.7,3.3,5.8,0.577,0.0,0.1,0.186,1.1,1.8,0.604,1.8,3.3,5.2,0.4,0.4,1.4,1.0,2.2,7.8
1626257,00,0,204,22,11.9,1.4,2.3,0.603,0.1,0.2,0.293,0.6,1.0,0.59,1.3,2.7,4.0,0.5,0.4,0.9,0.6,1.9,3.4
101139,00,0,849,303,20.4,3.4,8.3,0.411,1.5,4.1,0.358,1.3,1.6,0.809,0.4,1.9,2.4,1.1,0.7,0.3,0.9,2.1,9.6
1889,00,0,1304,939,30.9,4.6,10.0,0.461,0.1,0.7,0.217,3.1,3.8,0.807,1.1,2.6,3.7,6.5,1.2,0.2,2.4,2.2,12.5
2034,00,0,1032,570,27.0,3.9,8.5,0.459,1.5,3.8,0.407,1.3,1.7,0.769,0.6,3.6,4.2,2.6,0.6,0.2,1.5,2.0,10.6
201988,00,0,846,106,20.5,3.2,7.6,0.427,1.7,4.5,0.39,0.8,1.0,0.856,0.3,1.4,1.7,2.3,0.6,0.1,1.0,1.3,9.1
200794,00,0,1085,746,28.1,5.0,10.3,0.489,0.5,1.5,0.341,2.8,3.9,0.736,2.2,4.9,7.1,2.2,1.2,1.0,1.7,3.0,13.4
1737,00,0,1005,354,15.8,2.4,4.9,0.486,0.0,0.0,0.0,1.0,1.6,0.64,1.8,2.9,4.7,0.4,0.4,0.6,0.9,2.1,5.8
202693,00,0,735,377,24.4,4.1,9.3,0.446,0.9,2.5,0.344,1.6,2.1,0.778,1.2,3.9,5.1,1.6,0.8,0.5,1.5,2.7,10.8
202694,00,0,759,478,27.2,4.6,10.5,0.436,1.6,4.3,0.378,1.7,2.2,0.774,0.9,3.7,4.6,1.5,0.7,0.3,1.2,2.2,12.5
2211,00,0,729,482,27.3,3.9,8.8,0.445,0.8,2.2,0.388,2.1,2.7,0.785,1.9,5.9,7.8,1.5,0.7,0.4,1.2,2.6,10.8
959,00,0,1217,1053,31.3,5.2,10.6,0.49,1.4,3.2,0.428,2.5,2.8,0.904,0.5,2.5,3.0,8.5,0.7,0.1,2.9,1.6,14.3
2749,00,0,878,640,27.9,4.3,9.9,0.436,1.3,3.6,0.368,1.4,1.7,0.81,0.5,2.5,3.0,5.1,0.9,0.1,2.1,2.5,11.3
2403,00,0,965,626,26.1,4.3,7.9,0.548,0.0,0.1,0.132,2.6,4.0,0.66,1.7,4.3,6.0,1.8,1.1,0.7,1.7,3.0,11.3
201149,00,0,672,512,27.7,3.3,6.8,0.491,0.0,0.0,0.0,2.1,2.9,0.7,3.2,5.8,9.0,2.8,0.8,1.3,1.7,2.8,8.8
200779,00,0,467,6,12.1,1.6,3.7,0.437,1.2,2.9,0.43,0.2,0.2,0.877,0.1,1.1,1.3,0.3,0.2,0.1,0.2,0.8,4.7
1717,00,0,1522,1460,33.8,7.3,15.6,0.471,1.3,3.4,0.38,4.8,5.4,0.879,1.0,6.6,7.5,2.4,0.8,0.8,1.6,2.4,20.7
979,00,0,1011,697,27.1,5.1,10.9,0.467,0.0,0.1,0.147,3.0,4.2,0.715,2.0,5.2,7.2,1.4,0.5,1.8,1.9,2.9,13.2
1885,00,0,961,684,33.4,5.0,10.8,0.463,0.7,2.2,0.312,2.6,3.7,0.693,1.9,6.5,8.4,3.7,0.9,0.9,2.3,3.0,13.3
2731,00,0,616,603,30.9,4.9,9.5,0.512,0.0,0.0,0.0,2.2,3.8,0.586,3.2,6.5,9.7,0.8,0.7,1.6,1.6,2.8,12.0
2585,00,0,1098,516,20.3,2.4,5.1,0.469,0.0,0.0,0.0,2.0,2.7,0.751,2.2,3.6,5.8,1.3,0.7,0.3,1.3,2.5,6.8
2457,00,0,499,18,14.9,2.5,6.3,0.391,0.8,2.3,0.356,0.6,0.7,0.864,0.2,1.2,1.4,2.0,0.5,0.1,1.1,1.3,6.4
202951,00,0,86,16,13.1,1.9,4.9,0.379,0.4,1.4,0.319,0.7,1.0,0.644,0.2,0.8,1.0,1.8,0.3,0.0,1.2,1.2,4.8
2225,00,0,1254,1151,30.5,6.2,12.6,0.491,0.4,1.3,0.324,2.7,3.6,0.751,0.4,2.4,2.7,5.6,0.8,0.1,2.3,1.6,15.5
101108,00,0,1181,1181,34.5,6.4,13.5,0.472,1.3,3.6,0.369,4.0,4.5,0.87,0.6,3.9,4.5,9.5,2.1,0.2,2.4,2.4,18.0
2570,00,0,782,565,21.9,2.2,4.1,0.53,0.0,0.0,0.0,1.0,1.7,0.594,1.7,4.1,5.8,1.0,0.3,1.2,1.6,2.7,5.4
1718,00,0,1343,1285,34.2,6.5,14.5,0.445,1.6,4.3,0.368,5.2,6.4,0.806,0.8,4.8,5.6,3.5,1.3,0.6,2.6,2.7,19.7
101179,00,0,544,73,13.4,1.4,3.6,0.373,0.4,1.5,0.302,0.5,0.7,0.738,0.3,0.9,1.2,1.8,0.8,0.1,0.9,1.7,3.7
203143,00,0,270,51,16.9,1.2,2.9,0.425,0.8,2.0,0.379,0.3,0.3,0.872,0.5,1.3,1.9,2.8,1.0,0.0,1.0,1.6,3.5
2419,00,0,1017,902,31.0,4.5,9.9,0.455,0.6,1.5,0.367,1.5,2.0,0.756,1.1,3.2,4.3,2.4,0.6,0.5,1.0,1.2,11.1
2038,00,0,592,397,19.8,1.5,2.7,0.552,0.0,0.0,0.0,0.8,1.5,0.557,1.9,4.3,6.2,0.4,0.3,1.4,1.0,2.7,3.9
2216,00,0,1116,883,31.0,6.7,14.1,0.471,0.2,0.7,0.273,3.1,4.1,0.764,2.9,6.2,9.1,1.8,0.7,0.3,2.1,2.4,16.6
200755,00,0,940,488,25.5,4.3,9.5,0.447,2.1,5.0,0.415,2.2,2.5,0.892,0.2,1.8,2.0,2.0,0.4,0.1,1.1,1.5,12.8
2202,00,0,857,842,34.1,6.5,14.8,0.438,1.9,5.1,0.37,2.2,3.2,0.707,1.2,3.7,5.0,2.7,1.2,0.4,1.8,2.3,17.1
2047,00,0,783,486,26.5,3.7,9.4,0.397,1.5,4.2,0.355,1.3,1.8,0.718,1.2,3.5,4.7,1.5,0.8,0.2,1.1,2.0,10.3
2557,00,0,830,493,26.1,3.5,8.2,0.431,0.7,2.0,0.349,1.6,1.8,0.862,0.4,1.8,2.3,4.5,1.0,0.2,1.6,2.1,9.3
200765,00,0,957,733,29.9,4.1,8.9,0.456,0.5,1.4,0.324,1.2,1.9,0.611,1.0,3.6,4.5,7.9,1.6,0.1,2.7,2.1,9.8
201565,00,0,698,511,31.0,6.9,15.2,0.456,0.8,2.6,0.316,3.0,3.7,0.831,0.8,2.5,3.3,5.3,0.8,0.3,2.5,1.2,17.7
2422,00,0,895,429,26.4,3.4,7.8,0.431,0.8,2.2,0.366,1.7,2.2,0.799,0.5,2.4,2.9,2.4,0.8,0.3,1.3,1.9,9.3
200757,00,0,869,475,21.9,2.2,4.9,0.449,0.6,1.7,0.349,0.7,1.0,0.732,0.7,3.0,3.7,1.4,1.1,0.4,0.9,1.6,5.7
202397,00,0,739,167,19.6,3.2,7.4,0.43,0.4,1.3,0.325,0.7,1.0,0.676,0.4,2.1,2.4,3.8,0.7,0.3,1.2,1.3,7.5
2747,00,0,977,395,26.9,4.5,10.7,0.419,2.0,5.3,0.373,1.5,2.0,0.733,0.5,2.6,3.1,2.1,1.0,0.2,1.3,2.2,12.4
201160,00,0,616,104,16.3,2.6,5.5,0.468,0.1,0.4,0.333,0.9,1.1,0.783,1.1,2.3,3.4,0.7,0.3,0.7,0.8,2.2,6.1
711,00,0,970,564,31.2,5.6,13.6,0.409,1.0,3.3,0.309,4.8,5.8,0.822,1.0,2.2,3.2,3.3,0.9,0.5,2.7,1.9,16.9
2405,00,0,846,696,31.0,7.0,13.0,0.537,0.0,0.2,0.236,4.9,6.4,0.761,2.4,5.4,7.8,1.2,0.8,1.2,2.3,3.2,18.9
201952,00,0,826,600,26.8,4.3,9.7,0.444,0.9,2.4,0.36,2.7,3.2,0.844,0.3,2.1,2.4,5.6,1.1,0.3,2.2,1.9,12.2
202066,00,0,705,287,21.1,2.2,5.6,0.402,1.0,2.9,0.344,0.8,1.1,0.74,0.4,1.9,2.3,1.7,0.8,0.3,0.9,1.9,6.3
1891,00,0,1410,679,29.8,4.9,11.1,0.444,1.6,4.3,0.38,2.0,2.3,0.845,0.4,2.0,2.3,3.8,1.1,0.2,1.7,1.8,13.4
202738,00,0,550,362,28.3,5.8,13.3,0.434,1.9,5.2,0.362,4.3,4.9,0.872,0.5,1.9,2.4,4.8,0.9,0.1,2.3,2.1,17.7
703,00,0,1110,650,24.5,3.5,7.1,0.486,0.0,0.0,0.281,1.2,1.5,0.76,1.7,4.9,6.6,1.1,0.7,0.8,1.1,3.2,8.1
2224,00,0,547,404,26.4,3.2,8.2,0.393,0.7,2.4,0.299,1.3,1.9,0.716,0.6,2.3,2.9,6.1,1.4,0.3,2.5,2.4,8.5
201229,00,0,730,105,19.4,2.0,4.8,0.414,1.2,3.2,0.373,0.9,1.2,0.771,0.7,2.6,3.3,0.9,0.4,0.3,0.6,1.6,6.1
200782,00,0,818,622,28.9,2.5,5.9,0.425,1.0,2.8,0.364,0.9,1.2,0.749,1.5,4.1,5.6,1.4,1.1,0.3,1.0,2.5,6.9
2045,00,0,997,571,26.8,3.9,9.1,0.426,1.2,3.3,0.384,2.1,2.7,0.784,0.6,3.3,4.0,2.8,0.8,0.3,1.6,2.4,11.1
2757,00,0,831,272,21.9,3.3,7.1,0.463,0.6,1.6,0.349,1.2,1.5,0.833,0.4,1.7,2.1,3.4,0.7,0.1,1.4,1.5,8.4
2760,00,0,632,209,23.9,2.9,5.6,0.509,0.0,0.1,0.023,1.5,2.4,0.63,2.4,4.8,7.2,1.2,0.8,0.6,0.9,2.6,7.2
2756,00,0,581,58,15.3,1.9,4.7,0.39,0.9,2.5,0.367,0.7,0.8,0.858,0.4,1.5,1.9,1.3,0.6,0.1,0.6,1.5,5.3
2548,00,0,1054,909,33.9,8.0,16.7,0.48,0.5,1.8,0.293,5.4,7.1,0.765,1.2,3.5,4.7,5.4,1.5,0.8,3.2,2.2,22.0
739,00,0,1109,956,32.7,5.7,12.2,0.467,1.0,2.9,0.336,2.1,2.9,0.721,1.4,5.3,6.7,1.8,1.0,1.3,1.5,2.9,14.4
2575,00,0,564,138,17.2,1.9,4.3,0.429,0.3,1.0,0.326,0.7,0.9,0.715,0.9,2.0,2.8,2.3,0.6,0.2,1.1,1.4,4.7
201228,00,0,600,104,20.2,2.5,6.0,0.419,0.8,2.1,0.373,1.4,1.7,0.812,0.4,1.6,1.9,2.5,0.9,0.1,1.1,1.5,7.2
2248,00,0,878,227,22.2,2.4,5.9,0.411,0.6,1.8,0.324,1.0,1.4,0.703,0.5,1.7,2.3,4.4,1.0,0.2,1.8,2.0,6.4
2561,00,0,1034,742,28.2,5.5,11.1,0.495,0.1,0.2,0.265,2.5,3.0,0.817,1.7,4.6,6.4,2.2,0.7,0.8,1.6,2.3,13.6
201566,00,0,1062,1007,34.5,8.1,18.4,0.437,1.1,3.7,0.304,5.3,6.8,0.781,1.6,5.7,7.4,8.4,1.6,0.3,4.1,2.6,22.5
202355,00,0,511,332,24.7,5.3,9.0,0.586,0.0,0.1,0.308,2.1,3.5,0.605,3.1,7.7,10.8,0.6,0.5,2.2,1.5,2.6,12.6
2863,00,0,582,150,18.9,2.3,5.4,0.426,0.4,1.1,0.327,1.2,1.6,0.783,0.8,1.6,2.3,1.4,0.7,0.2,0.9,1.6,6.2
101114,00,0,845,771,34.2,5.8,13.0,0.445,1.4,3.9,0.357,3.4,4.1,0.822,0.4,2.7,3.1,8.1,1.0,0.2,2.8,2.5,16.3
101150,00,0,1123,122,24.1,4.5,10.7,0.419,1.3,3.7,0.351,3.6,4.3,0.842,0.4,1.8,2.2,3.4,0.8,0.2,1.7,1.3,13.9
101107,00,0,1072,828,28.1,3.7,8.3,0.443,1.0,2.7,0.361,1.9,2.4,0.808,1.2,4.0,5.2,1.3,0.8,0.5,1.0,2.0,10.2
2590,00,0,818,525,29.2,5.0,11.4,0.434,1.3,3.5,0.378,1.9,2.2,0.871,0.5,2.3,2.8,4.9,0.9,0.1,2.3,2.5,13.2
1897,00,0,991,840,31.7,4.7,11.4,0.414,1.2,3.4,0.339,2.6,3.6,0.715,1.2,3.3,4.5,2.7,1.7,0.5,1.8,2.6,13.2
201156,00,0,720,201,22.8,4.0,9.6,0.418,1.4,3.8,0.376,1.9,2.3,0.836,0.4,1.6,2.0,1.0,0.5,0.2,1.0,1.8,11.4
201152,00,0,1120,720,28.9,5.4,10.7,0.502,0.5,1.4,0.33,1.3,1.9,0.663,2.0,3.8,5.8,1.8,1.4,0.4,1.4,2.2,12.5
