PLAYER_ID,SEASON_ID,RANK_PG_EFF
200746,2006-07,
200746,2007-08,53.0
200746,2008-09,33.0
200746,2009-10,35.0
200746,2010-11,13.0
200746,2011-12,10.0
200746,2012-13,10.0
200746,2013-14,10.0
200746,2014-15,9.0
200746,2015-16,27.0
200746,2016-17,45.0
200746,2017-18,12.0
200746,2018-19,18.0
200746,2019-20,30.0
200746,2020-21,
200746,2021-22,
951,1996-97,97.0
951,1997-98,40.0
951,1998-99,48.0
951,1999-00,21.0
951,2000-01,19.0
951,2001-02,26.0
951,2002-03,20.0
951,2003-04,15.0
951,2004-05,28.0
951,2005-06,21.0
951,2006-07,21.0
951,2007-08,75.0
951,2008-09,53.0
951,2009-10,72.0
951,2010-11,63.0
951,2011-12,
951,2012-13,132.0
951,2013-14,160.0
2754,2004-05,161.0
2754,2005-06,
2754,2006-07,
2754,2007-08,198.0
2754,2008-09,
2754,2009-10,
2754,2010-11,132.0
2754,2011-12,108.0
2754,2012-13,127.0
2754,2013-14,
2754,2014-15,133.0
2754,2015-16,152.0
2754,2016-17,134.0
2754,2017-18,
200811,2006-07,
200811,2007-08,
200811,2008-09,187.0
200811,2009-10,176.0
200811,2010-11,
200811,2011-12,184.0
200811,2012-13,
200811,2013-14,
200811,2014-15,
200811,2015-16,
2365,2001-02,
2365,2002-03,
2365,2003-04,165.0
2365,2004-05,
2365,2005-06,
2365,2007-08,
2365,2008-09,110.0
2365,2009-10,111.0
2365,2010-11,
2365,2011-12,
2365,2012-13,
2365,2013-14,139.0
2365,2014-15,159.0
2365,2015-16,
2365,2016-17,
101187,2005-06,
101187,2006-07,
101187,2011-12,
101187,2012-13,
101187,2013-14,223.0
101187,2014-15,211.0
101187,2015-16,
101187,2016-17,
2546,2003-04,48.0
2546,2004-05,54.0
2546,2005-06,22.0
2546,2006-07,14.0
2546,2007-08,14.0
2546,2008-09,26.0
2546,2009-10,13.0
2546,2010-11,15.0
2546,2011-12,24.0
2546,2012-13,9.0
2546,2013-14,8.0
2546,2014-15,
2546,2015-16,23.0
2546,2016-17,41.0
2546,2017-18,88.0
2546,2018-19,
2546,2019-20,91.0
2546,2020-21,129.0
2546,2021-22,111.0
201202,2007-08,
201202,2008-09,
201202,2009-10,193.0
201202,2010-11,191.0
201202,2011-12,166.0
201202,2012-13,
201202,2013-14,
201202,2014-15,
201202,2015-16,
201202,2016-17,
2772,2004-05,167.0
2772,2005-06,
2772,2006-07,
2772,2007-08,
2772,2008-09,127.0
2772,2009-10,73.0
2772,2010-11,112.0
2772,2011-12,
2772,2012-13,
2772,2013-14,54.0
2772,2014-15,75.0
2772,2015-16,84.0
2772,2016-17,83.0
2772,2017-18,108.0
2772,2018-19,86.0
2772,2019-20,155.0
2772,2020-21,
2772,2021-22,
201571,2008-09,132.0
201571,2009-10,191.0
201571,2010-11,82.0
201571,2011-12,
201571,2012-13,193.0
201571,2013-14,123.0
201571,2014-15,168.0
201571,2015-16,201.0
201571,2016-17,225.0
201571,2017-18,137.0
201571,2018-19,101.0
201571,2019-20,158.0
201571,2020-21,192.0
201571,2021-22,
2571,2003-04,159.0
2571,2004-05,
2571,2005-06,
2571,2006-07,57.0
2571,2007-08,94.0
2571,2008-09,106.0
2571,2009-10,
2571,2010-11,
2571,2011-12,158.0
2571,2012-13,
2571,2013-14,
2571,2014-15,229.0
2571,2015-16,240.0
2571,2016-17,251.0
200826,2006-07,
200826,2007-08,
200826,2008-09,163.0
200826,2009-10,167.0
200826,2010-11,145.0
200826,2011-12,
200826,2012-13,136.0
200826,2013-14,202.0
200826,2014-15,207.0
200826,2015-16,149.0
200826,2016-17,
200826,2017-18,95.0
200826,2018-19,
200826,2019-20,
2440,2003-04,
2440,2004-05,
2440,2005-06,
2440,2006-07,113.0
2440,2007-08,161.0
2440,2008-09,116.0
2440,2009-10,117.0
2440,2010-11,
2440,2011-12,100.0
2440,2012-13,103.0
2440,2013-14,135.0
2440,2014-15,134.0
2440,2015-16,119.0
2440,2016-17,150.0
2853,2005-06,
2853,2006-07,
2853,2007-08,
2853,2009-10,
2853,2010-11,
2853,2011-12,
2853,2012-13,
2853,2014-15,
2203,2001-02,70.0
2203,2002-03,89.0
2203,2003-04,120.0
2203,2004-05,93.0
2203,2005-06,79.0
2203,2006-07,102.0
2203,2007-08,106.0
2203,2008-09,125.0
2203,2009-10,118.0
2203,2010-11,117.0
2203,2011-12,173.0
2203,2012-13,168.0
2203,2013-14,243.0
201587,2008-09,181.0
201587,2009-10,
201587,2010-11,103.0
201587,2011-12,64.0
201587,2012-13,41.0
201587,2013-14,31.0
201587,2014-15,69.0
201587,2015-16,42.0
201587,2016-17,47.0
201587,2017-18,73.0
201587,2018-19,104.0
201587,2019-20,
201587,2020-21,118.0
201587,2021-22,133.0
201587,2022-23,182.0
203382,2012-13,
203382,2013-14,
203382,2014-15,178.0
203382,2015-16,182.0
203382,2016-17,209.0
203382,2017-18,176.0
203382,2018-19,
203382,2019-20,
203382,2020-21,190.0
201158,2007-08,
201158,2008-09,
201158,2009-10,
201158,2010-11,169.0
201158,2011-12,136.0
201158,2012-13,169.0
201158,2013-14,137.0
201158,2014-15,201.0
201158,2015-16,223.0
201158,2016-17,166.0
201158,2017-18,158.0
201158,2018-19,187.0
201158,2019-20,244.0
201976,2012-13,
201976,2013-14,
201976,2014-15,
201976,2015-16,116.0
201976,2016-17,79.0
201976,2017-18,
201976,2018-19,119.0
201976,2019-20,119.0
201976,2020-21,
201976,2021-22,95.0
201976,2022-23,186.0
1497,1997-98,124.0
1497,1998-99,85.0
1497,1999-00,
1497,2000-01,134.0
1497,2001-02,80.0
1497,2002-03,57.0
1497,2003-04,52.0
1497,2004-05,41.0
1497,2005-06,23.0
1497,2006-07,38.0
1497,2007-08,41.0
1497,2008-09,39.0
1497,2009-10,41.0
1497,2010-11,54.0
1497,2011-12,
1497,2012-13,
1497,2013-14,
202357,2015-16,212.0
202357,2016-17,210.0
202357,2017-18,175.0
202357,2018-19,108.0
202357,2019-20,78.0
202357,2020-21,
202357,2021-22,178.0
2581,2003-04,186.0
2581,2004-05,
2581,2005-06,
2581,2006-07,152.0
2581,2007-08,137.0
2581,2008-09,111.0
2581,2009-10,144.0
2581,2010-11,197.0
2581,2011-12,
2581,2012-13,
2581,2013-14,
2581,2014-15,243.0
2581,2015-16,245.0
2586,2003-04,157.0
2586,2004-05,155.0
2586,2005-06,142.0
2586,2006-07,
2586,2007-08,168.0
2586,2008-09,
2586,2009-10,197.0
2586,2010-11,198.0
2586,2011-12,
2586,2012-13,196.0
2586,2013-14,
202711,2014-15,208.0
202711,2015-16,180.0
202711,2016-17,135.0
202711,2017-18,106.0
202711,2018-19,75.0
202711,2019-20,75.0
202711,2020-21,91.0
202711,2021-22,80.0
202711,2022-23,59.0
101106,2005-06,69.0
101106,2006-07,48.0
101106,2007-08,36.0
101106,2008-09,
101106,2009-10,20.0
101106,2010-11,31.0
101106,2011-12,
101106,2012-13,
101106,2013-14,46.0
101106,2014-15,64.0
101106,2015-16,85.0
101106,2016-17,
101106,2017-18,
101106,2018-19,
2588,2004-05,143.0
2588,2005-06,136.0
2588,2006-07,
2588,2007-08,
2588,2008-09,130.0
2588,2009-10,
2588,2010-11,
2588,2011-12,156.0
2588,2012-13,
2588,2013-14,251.0
2588,2014-15,265.0
2588,2015-16,
1882,1999-00,16.0
1882,2000-01,15.0
1882,2001-02,7.0
1882,2002-03,8.0
1882,2003-04,3.0
1882,2004-05,12.0
1882,2005-06,4.0
1882,2006-07,9.0
1882,2007-08,
1882,2008-09,
1882,2009-10,85.0
1882,2010-11,35.0
1882,2011-12,50.0
1882,2012-13,113.0
1882,2013-14,154.0
1882,2014-15,
1882,2015-16,
201147,2007-08,192.0
201147,2008-09,
201147,2009-10,125.0
201147,2010-11,
201147,2011-12,155.0
201147,2012-13,140.0
201147,2013-14,133.0
201147,2014-15,136.0
201147,2015-16,231.0
201147,2016-17,256.0
201147,2017-18,232.0
201147,2018-19,
201147,2019-20,
201166,2007-08,
201166,2008-09,155.0
201166,2009-10,59.0
201166,2010-11,
201166,2012-13,
201166,2013-14,186.0
201166,2014-15,162.0
201166,2015-16,239.0
201166,2016-17,264.0
201166,2017-18,
201628,2008-09,
201628,2009-10,
201628,2016-17,
201628,2017-18,
977,1996-97,167.0
977,1997-98,98.0
977,1998-99,24.0
977,1999-00,12.0
977,2000-01,5.0
977,2001-02,10.0
977,2002-03,5.0
977,2003-04,9.0
977,2004-05,9.0
977,2005-06,5.0
977,2006-07,2.0
977,2007-08,5.0
977,2008-09,9.0
977,2009-10,14.0
977,2010-11,19.0
977,2011-12,14.0
977,2012-13,3.0
977,2013-14,
977,2014-15,
977,2015-16,121.0
2406,2002-03,78.0
2406,2003-04,137.0
2406,2004-05,60.0
2406,2005-06,46.0
2406,2006-07,30.0
2406,2007-08,19.0
2406,2008-09,22.0
2406,2009-10,65.0
2406,2010-11,
2406,2011-12,132.0
2406,2012-13,157.0
2406,2013-14,
2406,2014-15,236.0
2406,2015-16,
202710,2011-12,
202710,2012-13,124.0
202710,2013-14,81.0
202710,2014-15,15.0
202710,2015-16,21.0
202710,2016-17,9.0
202710,2017-18,15.0
202710,2018-19,33.0
202710,2019-20,20.0
202710,2020-21,9.0
202710,2021-22,
202710,2022-23,
2446,2002-03,181.0
2446,2003-04,
2446,2004-05,
2446,2005-06,157.0
2446,2006-07,159.0
2446,2007-08,
2446,2008-09,139.0
2446,2009-10,133.0
2446,2010-11,
2446,2011-12,
2446,2013-14,
2446,2014-15,220.0
2446,2015-16,
101181,2005-06,
101181,2006-07,115.0
101181,2007-08,61.0
101181,2008-09,35.0
101181,2009-10,
101181,2010-11,65.0
101181,2011-12,47.0
101181,2012-13,68.0
101181,2013-14,100.0
101181,2014-15,
101181,2015-16,131.0
101181,2016-17,
101181,2017-18,
101181,2018-19,
948,1996-97,
948,1997-98,63.0
948,1998-99,117.0
948,1999-00,
948,2000-01,22.0
948,2001-02,
948,2002-03,
948,2003-04,33.0
948,2004-05,27.0
948,2005-06,
948,2006-07,16.0
948,2007-08,13.0
948,2008-09,
948,2009-10,32.0
948,2010-11,
948,2011-12,66.0
948,2012-13,
201960,2009-10,200.0
201960,2010-11,
201960,2011-12,
201960,2012-13,
201960,2013-14,84.0
201960,2014-15,67.0
201960,2015-16,
201960,2016-17,168.0
201960,2017-18,75.0
201960,2018-19,142.0
201960,2019-20,
1713,1998-99,30.0
1713,1999-00,10.0
1713,2000-01,10.0
1713,2001-02,24.0
1713,2002-03,
1713,2003-04,34.0
1713,2004-05,19.0
1713,2005-06,24.0
1713,2006-07,17.0
1713,2007-08,26.0
1713,2008-09,27.0
1713,2009-10,76.0
1713,2010-11,110.0
1713,2011-12,125.0
1713,2012-13,84.0
1713,2013-14,131.0
1713,2014-15,259.0
1713,2015-16,233.0
1713,2016-17,177.0
1713,2017-18,
1713,2018-19,221.0
1713,2019-20,256.0
2199,2001-02,151.0
2199,2002-03,91.0
2199,2003-04,
2199,2004-05,61.0
2199,2005-06,87.0
2199,2006-07,39.0
2199,2007-08,31.0
2199,2008-09,
2199,2009-10,
2199,2010-11,49.0
2199,2011-12,27.0
2199,2012-13,30.0
2199,2013-14,
2199,2014-15,19.0
2199,2015-16,87.0
2199,2016-17,
2199,2017-18,
2199,2018-19,
2199,2019-20,
201163,2007-08,
201163,2008-09,90.0
201163,2009-10,68.0
201163,2010-11,70.0
201163,2011-12,
201163,2012-13,
201163,2013-14,109.0
201163,2014-15,83.0
201163,2016-17,67.0
201163,2017-18,115.0
201163,2018-19,
201163,2019-20,
2215,2001-02,173.0
2215,2002-03,151.0
2215,2003-04,126.0
2215,2004-05,122.0
2215,2005-06,160.0
2215,2006-07,194.0
2215,2007-08,213.0
2215,2008-09,
2215,2009-10,
2215,2010-11,
2215,2011-12,
2215,2012-13,
2215,2013-14,
2555,2004-05,145.0
2555,2005-06,
2555,2006-07,78.0
2555,2007-08,74.0
2555,2008-09,103.0
2555,2009-10,145.0
2555,2010-11,158.0
2555,2011-12,146.0
2555,2012-13,152.0
2555,2013-14,205.0
2555,2014-15,224.0
2555,2015-16,261.0
2555,2016-17,
2555,2017-18,
201144,2007-08,
201144,2008-09,109.0
201144,2009-10,102.0
201144,2010-11,64.0
201144,2011-12,53.0
201144,2012-13,52.0
201144,2013-14,47.0
201144,2014-15,54.0
201144,2015-16,
201144,2016-17,29.0
201144,2017-18,
201144,2018-19,32.0
201144,2019-20,
201144,2020-21,53.0
201144,2021-22,76.0
201144,2022-23,102.0
2037,2000-01,
2037,2001-02,
2037,2002-03,118.0
2037,2003-04,73.0
2037,2004-05,73.0
2037,2005-06,85.0
2037,2006-07,80.0
2037,2007-08,70.0
2037,2008-09,61.0
2037,2009-10,83.0
2037,2010-11,127.0
2037,2011-12,113.0
2037,2012-13,104.0
2037,2013-14,85.0
2037,2014-15,123.0
2037,2015-16,148.0
2037,2016-17,176.0
2037,2017-18,205.0
2037,2018-19,220.0
2037,2019-20,
201939,2009-10,38.0
201939,2010-11,36.0
201939,2011-12,
201939,2012-13,12.0
201939,2013-14,9.0
201939,2014-15,6.0
201939,2015-16,1.0
201939,2016-17,13.0
201939,2017-18,
201939,2018-19,14.0
201939,2019-20,
201939,2020-21,5.0
201939,2021-22,14.0
201939,2022-23,
2223,2001-02,
2223,2003-04,80.0
2223,2004-05,92.0
2223,2005-06,
2223,2006-07,55.0
2223,2007-08,62.0
2223,2008-09,108.0
2223,2009-10,56.0
2223,2010-11,102.0
2223,2011-12,82.0
2223,2012-13,
2223,2013-14,126.0
2223,2014-15,
202334,2010-11,
202334,2011-12,107.0
202334,2012-13,114.0
202334,2013-14,198.0
202334,2014-15,66.0
202334,2015-16,99.0
202334,2016-17,
202334,2017-18,132.0
202334,2018-19,114.0
202334,2019-20,
202334,2020-21,
202334,2021-22,
203473,2013-14,
203473,2014-15,215.0
203473,2015-16,215.0
203473,2016-17,138.0
203473,2017-18,64.0
203473,2018-19,74.0
203473,2019-20,
203473,2020-21,
203473,2021-22,154.0
203473,2022-23,
2736,2004-05,
2736,2005-06,57.0
2736,2006-07,34.0
2736,2007-08,67.0
2736,2008-09,
2736,2009-10,47.0
2736,2010-11,52.0
2736,2011-12,52.0
2736,2012-13,53.0
2736,2013-14,65.0
2736,2014-15,77.0
2736,2015-16,77.0
2736,2016-17,
2736,2017-18,
2736,2018-19,
2564,2003-04,154.0
2564,2004-05,
2564,2005-06,30.0
2564,2006-07,82.0
2564,2007-08,111.0
2564,2008-09,69.0
2564,2009-10,84.0
2564,2010-11,85.0
2564,2011-12,121.0
2564,2012-13,147.0
2564,2013-14,128.0
2564,2014-15,139.0
2564,2015-16,193.0
2564,2016-17,249.0
2039,2000-01,179.0
2039,2001-02,
2039,2002-03,
2039,2003-04,
2039,2004-05,189.0
2039,2005-06,
2039,2006-07,
2039,2007-08,188.0
2039,2008-09,140.0
2039,2009-10,
2039,2010-11,182.0
2039,2011-12,
2039,2012-13,
201609,2008-09,
201609,2009-10,163.0
201609,2010-11,180.0
201609,2011-12,72.0
201609,2012-13,51.0
201609,2013-14,26.0
201609,2014-15,51.0
201609,2015-16,61.0
201609,2016-17,39.0
201609,2017-18,51.0
201609,2018-19,
201609,2019-20,87.0
201609,2020-21,
201609,2021-22,
201609,2022-23,224.0
201162,2007-08,178.0
201162,2008-09,
201162,2009-10,141.0
201162,2010-11,118.0
201162,2011-12,73.0
201162,2012-13,112.0
201162,2013-14,213.0
201162,2014-15,179.0
201162,2015-16,150.0
201162,2016-17,191.0
201162,2017-18,
201162,2018-19,237.0
201162,2019-20,
201162,2020-21,
201142,2007-08,78.0
201142,2008-09,12.0
201142,2009-10,2.0
201142,2010-11,6.0
201142,2011-12,3.0
201142,2012-13,2.0
201142,2013-14,1.0
201142,2014-15,
201142,2015-16,2.0
201142,2016-17,6.0
201142,2017-18,7.0
201142,2018-19,8.0
201142,2020-21,
201142,2021-22,
201142,2022-23,4.0
201961,2009-10,196.0
201961,2010-11,
201961,2011-12,
201961,2012-13,174.0
201961,2013-14,
201961,2014-15,181.0
201961,2015-16,232.0
201961,2016-17,195.0
201961,2017-18,168.0
201961,2018-19,
201961,2019-20,
201961,2020-21,
201961,2021-22,
2408,2002-03,
2408,2003-04,
2408,2004-05,159.0
2408,2005-06,
2408,2006-07,
2408,2007-08,
2408,2008-09,
2408,2010-11,
2408,2013-14,
2501,2002-03,
2501,2003-04,177.0
2501,2004-05,113.0
2501,2005-06,
2501,2006-07,
2501,2007-08,158.0
2501,2008-09,193.0
2501,2009-10,
2501,2010-11,
2501,2011-12,
2501,2012-13,97.0
2501,2013-14,
2501,2014-15,
101109,2005-06,94.0
101109,2006-07,75.0
101109,2007-08,80.0
101109,2008-09,74.0
101109,2009-10,77.0
101109,2010-11,45.0
101109,2011-12,85.0
101109,2012-13,81.0
101109,2013-14,127.0
101109,2014-15,
101109,2015-16,146.0
101109,2016-17,205.0
101109,2017-18,219.0
101109,2018-19,
965,1996-97,186.0
965,1997-98,146.0
965,1998-99,157.0
965,1999-00,186.0
965,2000-01,
965,2001-02,129.0
965,2002-03,106.0
965,2003-04,176.0
965,2004-05,108.0
965,2005-06,86.0
965,2006-07,145.0
965,2007-08,128.0
965,2008-09,134.0
965,2009-10,171.0
965,2010-11,170.0
965,2011-12,174.0
965,2012-13,
965,2013-14,239.0
200751,2006-07,141.0
200751,2007-08,
200751,2008-09,94.0
200751,2009-10,155.0
200751,2010-11,
200751,2011-12,138.0
200751,2012-13,160.0
200751,2013-14,114.0
200751,2014-15,
200751,2015-16,251.0
200751,2016-17,248.0
101112,2005-06,
101112,2006-07,135.0
101112,2007-08,167.0
101112,2008-09,
101112,2009-10,94.0
101112,2010-11,81.0
101112,2011-12,78.0
101112,2013-14,118.0
101112,2014-15,191.0
101112,2015-16,209.0
101112,2016-17,159.0
101112,2017-18,
101112,2018-19,
201568,2008-09,
201568,2009-10,79.0
201568,2010-11,76.0
201568,2011-12,
201568,2012-13,66.0
201568,2014-15,122.0
201568,2015-16,
201568,2016-17,50.0
201568,2017-18,
201568,2018-19,34.0
201568,2019-20,62.0
201568,2020-21,101.0
201568,2021-22,116.0
101128,2005-06,
101128,2006-07,178.0
101128,2007-08,116.0
101128,2008-09,
101128,2009-10,
101128,2010-11,
101128,2011-12,
101128,2012-13,
101128,2013-14,
101128,2014-15,
708,1995-96,83.0
708,1996-97,19.0
708,1997-98,5.0
708,1998-99,7.0
708,1999-00,2.0
708,2000-01,3.0
708,2001-02,3.0
708,2002-03,1.0
708,2003-04,1.0
708,2004-05,1.0
708,2005-06,1.0
708,2006-07,1.0
708,2007-08,9.0
708,2008-09,
708,2009-10,39.0
708,2010-11,22.0
708,2011-12,20.0
708,2012-13,36.0
708,2013-14,
708,2014-15,
708,2015-16,
201188,2008-09,62.0
201188,2009-10,22.0
201188,2010-11,51.0
201188,2011-12,17.0
201188,2012-13,20.0
201188,2013-14,35.0
201188,2014-15,13.0
201188,2015-16,
201188,2016-17,28.0
201188,2017-18,27.0
201188,2018-19,44.0
201188,2019-20,
201188,2020-21,166.0
2200,2001-02,20.0
2200,2002-03,15.0
2200,2003-04,28.0
2200,2004-05,
2200,2005-06,13.0
2200,2006-07,6.0
2200,2007-08,16.0
2200,2008-09,6.0
2200,2009-10,5.0
2200,2010-11,5.0
2200,2011-12,8.0
2200,2012-13,
2200,2013-14,18.0
2200,2014-15,8.0
2200,2015-16,12.0
2200,2016-17,56.0
2200,2017-18,54.0
2200,2018-19,
200752,2006-07,130.0
200752,2007-08,54.0
200752,2008-09,63.0
200752,2009-10,48.0
200752,2010-11,29.0
200752,2011-12,38.0
200752,2012-13,56.0
200752,2013-14,37.0
200752,2014-15,27.0
200752,2015-16,46.0
200752,2016-17,
200752,2017-18,
200752,2018-19,65.0
200752,2019-20,128.0
200752,2020-21,127.0
200752,2021-22,
200752,2022-23,
201959,2009-10,100.0
201959,2010-11,129.0
201959,2011-12,118.0
201959,2012-13,
201959,2013-14,77.0
201959,2014-15,89.0
201959,2015-16,86.0
201959,2016-17,100.0
201959,2017-18,47.0
201959,2018-19,84.0
201959,2019-20,190.0
201959,2020-21,
201959,2021-22,
201959,2022-23,
1938,2002-03,
1938,2003-04,77.0
1938,2004-05,45.0
1938,2005-06,
1938,2006-07,51.0
1938,2007-08,33.0
1938,2008-09,
1938,2009-10,50.0
1938,2010-11,46.0
1938,2011-12,
1938,2012-13,
1938,2013-14,93.0
1938,2014-15,132.0
1938,2015-16,147.0
1938,2016-17,201.0
1938,2017-18,192.0
2400,2002-03,93.0
2400,2003-04,103.0
2400,2004-05,33.0
2400,2005-06,65.0
2400,2006-07,74.0
2400,2007-08,83.0
2400,2008-09,
2400,2009-10,87.0
2400,2010-11,
2400,2011-12,
2400,2012-13,
2400,2013-14,
2400,2014-15,
2400,2015-16,
201569,2008-09,96.0
201569,2009-10,97.0
201569,2010-11,44.0
201569,2011-12,
201569,2012-13,
201569,2013-14,110.0
201569,2014-15,120.0
201569,2015-16,
201569,2016-17,108.0
201569,2017-18,100.0
201569,2018-19,139.0
201569,2019-20,
201569,2020-21,
201569,2021-22,
201569,2022-23,173.0
101162,2007-08,
101162,2008-09,
101162,2009-10,183.0
101162,2010-11,69.0
101162,2011-12,16.0
101162,2012-13,
101162,2013-14,29.0
101162,2014-15,37.0
101162,2015-16,32.0
101162,2016-17,46.0
101162,2017-18,85.0
101162,2018-19,
201980,2009-10,
201980,2010-11,
201980,2011-12,126.0
201980,2012-13,116.0
201980,2013-14,148.0
201980,2014-15,85.0
201980,2015-16,176.0
201980,2016-17,182.0
201980,2017-18,169.0
201980,2018-19,127.0
201980,2019-20,195.0
201980,2020-21,132.0
201980,2021-22,212.0
101123,2005-06,
101123,2006-07,168.0
101123,2007-08,
101123,2008-09,
101123,2011-12,
101123,2012-13,
101123,2013-14,100.0
101123,2014-15,190.0
101123,2015-16,230.0
101123,2016-17,
101123,2017-18,
101123,2018-19,223.0
201145,2007-08,150.0
201145,2008-09,58.0
201145,2009-10,67.0
201145,2010-11,106.0
201145,2012-13,102.0
201145,2013-14,99.0
201145,2014-15,100.0
201145,2015-16,133.0
201145,2016-17,206.0
201145,2017-18,146.0
201145,2018-19,117.0
201145,2019-20,
201145,2020-21,121.0
201145,2021-22,151.0
201145,2022-23,
2584,2003-04,
2584,2004-05,
2584,2005-06,
2584,2006-07,177.0
2584,2007-08,156.0
2584,2008-09,179.0
2584,2009-10,169.0
2584,2010-11,186.0
2584,2011-12,
2584,2012-13,188.0
2584,2013-14,
2584,2014-15,
201933,2010-11,4.0
201933,2011-12,7.0
201933,2012-13,16.0
201933,2013-14,6.0
201933,2014-15,11.0
201933,2015-16,
201933,2016-17,19.0
201933,2017-18,
201933,2018-19,20.0
201933,2019-20,
201933,2020-21,
201933,2021-22,
201933,2022-23,
1888,1999-00,190.0
1888,2000-01,89.0
1888,2001-02,73.0
1888,2002-03,69.0
1888,2003-04,62.0
1888,2004-05,53.0
1888,2005-06,51.0
1888,2006-07,52.0
1888,2007-08,69.0
1888,2008-09,76.0
1888,2009-10,
1888,2010-11,
1888,2011-12,
1888,2012-13,
201935,2009-10,143.0
201935,2010-11,111.0
201935,2011-12,41.0
201935,2012-13,4.0
201935,2013-14,12.0
201935,2014-15,4.0
201935,2015-16,4.0
201935,2016-17,2.0
201935,2017-18,4.0
201935,2018-19,2.0
201935,2019-20,2.0
201935,2020-21,
201935,2021-22,9.0
201935,2022-23,
1733,1998-99,
1733,1999-00,
1733,2000-01,141.0
1733,2001-02,
1733,2002-03,97.0
1733,2003-04,91.0
1733,2004-05,56.0
1733,2005-06,48.0
1733,2006-07,69.0
1733,2007-08,93.0
1733,2008-09,49.0
1733,2009-10,69.0
1733,2010-11,137.0
1733,2011-12,68.0
1733,2012-13,
1733,2013-14,
2734,2004-05,172.0
2734,2005-06,
2734,2006-07,112.0
2734,2007-08,77.0
2734,2008-09,23.0
2734,2009-10,57.0
2734,2010-11,75.0
2734,2011-12,92.0
2734,2012-13,
2734,2013-14,
2734,2014-15,175.0
2734,2015-16,203.0
2734,2016-17,220.0
2734,2017-18,201.0
2734,2018-19,245.0
2617,2003-04,122.0
2617,2004-05,50.0
2617,2005-06,74.0
2617,2006-07,76.0
2617,2007-08,
2617,2008-09,78.0
2617,2009-10,93.0
2617,2010-11,
2617,2011-12,115.0
2617,2012-13,165.0
2617,2013-14,
2617,2014-15,233.0
2617,2015-16,
2617,2016-17,
2617,2017-18,
2617,2018-19,
2617,2019-20,
2617,2020-21,
2617,2021-22,
2617,2022-23,
101236,2005-06,
101236,2006-07,120.0
101236,2007-08,165.0
101236,2008-09,198.0
101236,2009-10,140.0
101236,2010-11,66.0
101236,2011-12,
101236,2012-13,181.0
101236,2013-14,248.0
101236,2014-15,
101236,2015-16,
2217,2001-02,
2217,2002-03,129.0
2217,2003-04,133.0
2217,2004-05,
2217,2005-06,113.0
2217,2006-07,126.0
2217,2007-08,82.0
2217,2008-09,
2217,2009-10,55.0
2217,2010-11,172.0
2217,2011-12,
2217,2012-13,
2217,2014-15,
201588,2008-09,191.0
201588,2009-10,109.0
201588,2010-11,116.0
201588,2011-12,
201588,2012-13,67.0
201588,2013-14,108.0
201588,2014-15,
201588,2015-16,91.0
201588,2016-17,
201588,2017-18,143.0
201588,2018-19,191.0
201588,2019-20,137.0
201588,2020-21,
201588,2021-22,
201588,2022-23,214.0
255,1994-95,22.0
255,1995-96,7.0
255,1996-97,4.0
255,1997-98,8.0
255,1998-99,12.0
255,1999-00,8.0
255,2000-01,
255,2001-02,
255,2002-03,
255,2004-05,34.0
255,2005-06,
255,2006-07,89.0
255,2007-08,71.0
255,2008-09,82.0
255,2009-10,91.0
255,2010-11,95.0
255,2011-12,
255,2012-13,
2550,2003-04,79.0
2550,2004-05,59.0
2550,2005-06,52.0
2550,2006-07,50.0
2550,2007-08,96.0
2550,2008-09,
2550,2009-10,106.0
2550,2010-11,121.0
2550,2011-12,
2550,2012-13,
2550,2013-14,156.0
2550,2014-15,251.0
2550,2015-16,
201143,2007-08,68.0
201143,2008-09,34.0
201143,2009-10,21.0
201143,2010-11,16.0
201143,2011-12,
201143,2012-13,8.0
201143,2013-14,
201143,2014-15,23.0
201143,2015-16,30.0
201143,2016-17,37.0
201143,2017-18,32.0
201143,2018-19,39.0
201143,2019-20,64.0
201143,2020-21,
201143,2021-22,49.0
201143,2022-23,89.0
2730,2004-05,40.0
2730,2005-06,19.0
2730,2006-07,15.0
2730,2007-08,4.0
2730,2008-09,4.0
2730,2009-10,6.0
2730,2010-11,3.0
2730,2011-12,4.0
2730,2012-13,13.0
2730,2013-14,14.0
2730,2014-15,
2730,2015-16,28.0
2730,2016-17,26.0
2730,2017-18,19.0
2730,2018-19,
2730,2019-20,113.0
2730,2020-21,109.0
2730,2021-22,148.0
2572,2003-04,
2572,2004-05,69.0
2572,2005-06,
2572,2006-07,42.0
2572,2007-08,48.0
2572,2008-09,
2572,2009-10,
2572,2010-11,
2572,2011-12,
2572,2012-13,
436,1994-95,41.0
436,1995-96,18.0
436,1996-97,31.0
436,1997-98,37.0
436,1998-99,23.0
436,1999-00,86.0
436,2000-01,50.0
436,2001-02,59.0
436,2002-03,32.0
436,2003-04,57.0
436,2004-05,
436,2005-06,90.0
436,2006-07,116.0
436,2007-08,
436,2008-09,
436,2009-10,165.0
436,2010-11,
436,2011-12,
436,2012-13,
1626273,2015-16,
1626273,2016-17,
201586,2009-10,139.0
201586,2010-11,67.0
201586,2011-12,48.0
201586,2012-13,34.0
201586,2013-14,25.0
201586,2014-15,39.0
201586,2015-16,67.0
201586,2016-17,58.0
201586,2017-18,79.0
201586,2018-19,50.0
201586,2019-20,57.0
201586,2020-21,
201586,2021-22,
201586,2022-23,
2738,2004-05,79.0
2738,2005-06,53.0
2738,2006-07,32.0
2738,2007-08,32.0
2738,2008-09,24.0
2738,2009-10,28.0
2738,2010-11,38.0
2738,2011-12,39.0
2738,2012-13,60.0
2738,2013-14,89.0
2738,2014-15,143.0
2738,2015-16,127.0
2738,2016-17,102.0
2738,2017-18,153.0
2738,2018-19,146.0
2738,2019-20,
2738,2020-21,199.0
2738,2021-22,
2738,2022-23,
101141,2006-07,
101141,2009-10,108.0
101141,2010-11,
101141,2011-12,42.0
101141,2012-13,63.0
101141,2013-14,
101141,2014-15,118.0
101141,2015-16,128.0
101141,2016-17,96.0
101141,2017-18,101.0
101141,2018-19,197.0
101141,2019-20,187.0
101141,2020-21,
204060,2014-15,231.0
204060,2015-16,258.0
204060,2016-17,165.0
204060,2017-18,69.0
204060,2018-19,81.0
204060,2019-20,110.0
204060,2020-21,78.0
204060,2021-22,
204060,2022-23,
201281,2017-18,
201281,2018-19,
101127,2005-06,156.0
101127,2006-07,87.0
101127,2007-08,139.0
101127,2008-09,101.0
101127,2009-10,98.0
101127,2010-11,162.0
101127,2011-12,
101127,2012-13,78.0
101127,2013-14,152.0
101127,2014-15,107.0
101127,2015-16,
101127,2016-17,
101127,2017-18,147.0
1536,2000-01,155.0
1536,2001-02,
1536,2002-03,112.0
1536,2003-04,64.0
1536,2004-05,
1536,2005-06,83.0
1536,2006-07,84.0
1536,2007-08,65.0
1536,2008-09,28.0
1536,2009-10,52.0
1536,2010-11,79.0
1536,2011-12,
1536,2012-13,
1536,2013-14,
2544,2003-04,31.0
2544,2004-05,2.0
2544,2005-06,2.0
2544,2006-07,5.0
2544,2007-08,1.0
2544,2008-09,1.0
2544,2009-10,1.0
2544,2010-11,1.0
2544,2011-12,1.0
2544,2012-13,1.0
2544,2013-14,3.0
2544,2014-15,7.0
2544,2015-16,5.0
2544,2016-17,4.0
2544,2017-18,2.0
2544,2018-19,
2544,2019-20,5.0
2544,2020-21,
2544,2021-22,
2544,2022-23,7.0
2229,2001-02,
2229,2002-03,168.0
2229,2003-04,114.0
2229,2004-05,110.0
2229,2005-06,33.0
2229,2006-07,140.0
2229,2007-08,
2229,2008-09,
2229,2009-10,
2229,2011-12,
2229,2012-13,
2229,2013-14,
1712,1998-99,118.0
1712,1999-00,
1712,2000-01,24.0
1712,2001-02,49.0
1712,2002-03,24.0
1712,2003-04,55.0
1712,2004-05,38.0
1712,2005-06,28.0
1712,2006-07,36.0
1712,2007-08,25.0
1712,2008-09,16.0
1712,2009-10,44.0
1712,2010-11,
1712,2011-12,58.0
1712,2012-13,135.0
1712,2013-14,
2744,2004-05,146.0
2744,2005-06,
2744,2006-07,29.0
2744,2007-08,12.0
2744,2008-09,
2744,2009-10,29.0
2744,2010-11,18.0
2744,2011-12,9.0
2744,2012-13,17.0
2744,2013-14,11.0
2744,2014-15,30.0
2744,2015-16,
2744,2016-17,173.0
2744,2017-18,
2210,2001-02,133.0
2210,2002-03,47.0
2210,2003-04,30.0
2210,2004-05,
2210,2005-06,25.0
2210,2006-07,
2210,2007-08,55.0
2210,2008-09,60.0
2210,2009-10,107.0
2210,2010-11,123.0
2210,2011-12,137.0
2210,2012-13,
2210,2013-14,172.0
2210,2014-15,246.0
2210,2015-16,253.0
2210,2016-17,239.0
2210,2017-18,
201949,2009-10,
201949,2010-11,
201949,2011-12,98.0
201949,2012-13,
201949,2013-14,
201949,2014-15,138.0
201949,2015-16,
201949,2016-17,77.0
201949,2017-18,82.0
201949,2018-19,
201949,2019-20,
201949,2020-21,177.0
201949,2021-22,195.0
201949,2022-23,
2207,2001-02,149.0
2207,2002-03,141.0
2207,2003-04,66.0
2207,2004-05,49.0
2207,2005-06,32.0
2207,2006-07,37.0
2207,2007-08,40.0
2207,2008-09,29.0
2207,2009-10,36.0
2207,2010-11,61.0
2207,2011-12,46.0
2207,2012-13,90.0
2207,2013-14,91.0
2207,2014-15,74.0
2207,2015-16,112.0
2207,2016-17,174.0
2207,2017-18,
2207,2021-22,
2563,2003-04,
2563,2004-05,
2563,2005-06,180.0
2563,2006-07,186.0
2563,2007-08,
2563,2008-09,194.0
2563,2009-10,149.0
2563,2010-11,
2563,2011-12,185.0
2563,2012-13,198.0
2563,2014-15,
2563,2015-16,
2563,2016-17,
2592,2003-04,
2592,2004-05,184.0
2592,2005-06,126.0
2592,2006-07,189.0
2592,2007-08,
2592,2008-09,
2592,2009-10,
2592,2010-11,188.0
2592,2011-12,
2592,2012-13,
2592,2013-14,
2592,2014-15,
2592,2015-16,
2592,2016-17,
201599,2008-09,
201599,2009-10,177.0
201599,2010-11,104.0
201599,2011-12,60.0
201599,2012-13,89.0
201599,2013-14,16.0
201599,2014-15,10.0
201599,2015-16,14.0
201599,2016-17,20.0
201599,2017-18,13.0
201599,2018-19,29.0
201599,2019-20,58.0
201599,2020-21,83.0
201599,2021-22,
201599,2022-23,
2549,2003-04,146.0
2549,2004-05,
2549,2005-06,47.0
2549,2006-07,83.0
2549,2007-08,17.0
2549,2008-09,
2549,2009-10,37.0
2549,2010-11,
2549,2011-12,
2549,2012-13,
2549,2013-14,
2549,2014-15,126.0
2549,2015-16,
467,1994-95,56.0
467,1995-96,23.0
467,1996-97,
467,1997-98,24.0
467,1998-99,5.0
467,1999-00,14.0
467,2000-01,17.0
467,2001-02,18.0
467,2002-03,13.0
467,2003-04,19.0
467,2004-05,21.0
467,2005-06,18.0
467,2006-07,19.0
467,2007-08,28.0
467,2008-09,31.0
467,2009-10,33.0
467,2010-11,72.0
467,2011-12,
467,2012-13,119.0
1905,2001-02,87.0
1905,2002-03,54.0
1905,2003-04,12.0
1905,2004-05,
1905,2005-06,15.0
1905,2006-07,90.0
1905,2007-08,73.0
1905,2008-09,
1905,2009-10,
1905,2010-11,
1905,2012-13,57.0
1905,2013-14,
1905,2014-15,
2594,2003-04,195.0
2594,2004-05,88.0
2594,2005-06,102.0
2594,2006-07,106.0
2594,2007-08,163.0
2594,2008-09,147.0
2594,2009-10,
2594,2010-11,171.0
2594,2011-12,149.0
2594,2012-13,96.0
2594,2013-14,80.0
2594,2014-15,76.0
2594,2015-16,158.0
2594,2016-17,157.0
2594,2017-18,181.0
2594,2018-19,222.0
2594,2019-20,229.0
201584,2008-09,166.0
201584,2009-10,114.0
201584,2010-11,168.0
201584,2011-12,124.0
201584,2012-13,156.0
201584,2013-14,166.0
201584,2014-15,163.0
201584,2015-16,162.0
201584,2016-17,119.0
201584,2017-18,121.0
201584,2018-19,
201584,2019-20,
101135,2005-06,
101135,2006-07,
101135,2007-08,66.0
101135,2008-09,11.0
101135,2009-10,3.0
101135,2010-11,20.0
101135,2011-12,11.0
101135,2012-13,5.0
101135,2013-14,19.0
101135,2014-15,
101135,2015-16,
101135,2016-17,126.0
1740,1998-99,
1740,1999-00,147.0
1740,2000-01,51.0
1740,2001-02,37.0
1740,2002-03,40.0
1740,2003-04,44.0
1740,2004-05,39.0
1740,2005-06,34.0
1740,2006-07,23.0
1740,2007-08,60.0
1740,2008-09,44.0
1740,2009-10,99.0
1740,2010-11,
1740,2011-12,
1740,2012-13,
1740,2013-14,244.0
2733,2004-05,
2733,2005-06,
2733,2006-07,
2733,2008-09,
2733,2009-10,
2733,2010-11,173.0
2733,2011-12,171.0
2733,2012-13,
2733,2013-14,138.0
2733,2014-15,195.0
2733,2015-16,178.0
2733,2016-17,227.0
2733,2017-18,223.0
2733,2018-19,243.0
201577,2008-09,
201577,2009-10,
201577,2010-11,
201577,2011-12,169.0
201577,2012-13,82.0
201577,2013-14,45.0
201577,2014-15,84.0
201577,2015-16,69.0
201577,2016-17,99.0
201577,2017-18,109.0
201577,2018-19,144.0
201577,2019-20,243.0
201577,2020-21,148.0
201577,2021-22,
201577,2022-23,
201567,2008-09,75.0
201567,2009-10,
201567,2010-11,2.0
201567,2011-12,2.0
201567,2012-13,
201567,2013-14,2.0
201567,2014-15,26.0
201567,2015-16,34.0
201567,2016-17,25.0
201567,2017-18,21.0
201567,2018-19,
201567,2019-20,31.0
201567,2020-21,
201567,2021-22,66.0
201567,2022-23,128.0
200768,2006-07,
200768,2007-08,133.0
200768,2008-09,149.0
200768,2009-10,
200768,2010-11,53.0
200768,2011-12,
200768,2012-13,62.0
200768,2013-14,24.0
200768,2014-15,29.0
200768,2015-16,19.0
200768,2016-17,21.0
200768,2017-18,25.0
200768,2018-19,43.0
200768,2019-20,29.0
200768,2020-21,
200768,2021-22,46.0
200768,2022-23,79.0
101249,2005-06,
101249,2006-07,
101249,2010-11,
101249,2011-12,
101249,2012-13,
101249,2013-14,
101249,2014-15,
101249,2016-17,
1894,1999-00,168.0
1894,2000-01,
1894,2001-02,
1894,2002-03,74.0
1894,2003-04,29.0
1894,2004-05,26.0
1894,2005-06,
1894,2006-07,58.0
1894,2007-08,43.0
1894,2008-09,
1894,2009-10,43.0
1894,2010-11,
1894,2011-12,
1894,2012-13,
101133,2007-08,
101133,2009-10,
101133,2010-11,
101133,2011-12,154.0
101133,2012-13,183.0
101133,2013-14,232.0
101133,2014-15,196.0
101133,2015-16,76.0
101133,2016-17,
101133,2017-18,212.0
101133,2018-19,
101133,2019-20,
1890,1999-00,
1890,2000-01,11.0
1890,2001-02,13.0
1890,2002-03,9.0
1890,2003-04,10.0
1890,2004-05,5.0
1890,2005-06,3.0
1890,2006-07,12.0
1890,2007-08,18.0
1890,2008-09,42.0
1890,2009-10,80.0
1890,2010-11,78.0
1890,2011-12,61.0
1890,2012-13,42.0
1890,2013-14,86.0
1890,2014-15,
1626246,2015-16,
1626246,2016-17,
1626246,2017-18,
1626246,2018-19,161.0
1626246,2019-20,
1626246,2020-21,
1626246,2021-22,
1626246,2022-23,
2030,2000-01,68.0
2030,2001-02,69.0
2030,2002-03,34.0
2030,2003-04,21.0
2030,2004-05,43.0
2030,2005-06,
2030,2006-07,
2030,2007-08,79.0
2030,2008-09,85.0
2030,2009-10,
2030,2010-11,
2030,2011-12,
2030,2012-13,
2030,2013-14,
2030,2014-15,
2755,2004-05,
2755,2005-06,103.0
2755,2006-07,44.0
2755,2007-08,35.0
2755,2008-09,
2755,2009-10,
2755,2010-11,42.0
2755,2011-12,
2755,2012-13,111.0
2755,2013-14,79.0
2755,2014-15,
2755,2015-16,
2427,2002-03,
2427,2003-04,
2427,2006-07,
2427,2007-08,180.0
2427,2008-09,135.0
2427,2009-10,190.0
2427,2010-11,
2427,2011-12,
2427,2012-13,
2427,2013-14,
202083,2009-10,152.0
202083,2010-11,98.0
202083,2011-12,86.0
202083,2012-13,93.0
202083,2013-14,75.0
202083,2014-15,70.0
202083,2015-16,138.0
202083,2016-17,112.0
202083,2017-18,122.0
202083,2018-19,163.0
202083,2019-20,224.0
202083,2020-21,232.0
202083,2021-22,
202083,2022-23,
201601,2008-09,133.0
201601,2009-10,136.0
201601,2010-11,138.0
201601,2011-12,
201601,2012-13,
201601,2013-14,252.0
201601,2014-15,164.0
201601,2015-16,263.0
201601,2016-17,224.0
201601,2017-18,191.0
201601,2018-19,
201601,2019-20,
1626257,2015-16,
1626257,2016-17,221.0
1626257,2017-18,206.0
1626257,2018-19,
101139,2005-06,
101139,2006-07,
101139,2007-08,
101139,2008-09,162.0
101139,2009-10,
101139,2010-11,128.0
101139,2011-12,
101139,2012-13,
101139,2013-14,
101139,2014-15,150.0
101139,2015-16,171.0
101139,2016-17,163.0
101139,2017-18,207.0
101139,2018-19,
101139,2019-20,
101139,2021-22,
1889,1999-00,87.0
1889,2000-01,36.0
1889,2001-02,12.0
1889,2002-03,62.0
1889,2003-04,40.0
1889,2004-05,46.0
1889,2005-06,42.0
1889,2006-07,49.0
1889,2007-08,50.0
1889,2008-09,38.0
1889,2009-10,75.0
1889,2010-11,59.0
1889,2011-12,76.0
1889,2012-13,94.0
1889,2013-14,197.0
1889,2014-15,225.0
1889,2015-16,
2034,2000-01,108.0
2034,2001-02,79.0
2034,2002-03,75.0
2034,2003-04,
2034,2004-05,80.0
2034,2005-06,63.0
2034,2006-07,43.0
2034,2007-08,58.0
2034,2008-09,73.0
2034,2009-10,
2034,2010-11,
2034,2011-12,
2034,2012-13,
2034,2013-14,200.0
2034,2014-15,
2034,2015-16,
2034,2016-17,
201988,2009-10,
201988,2010-11,
201988,2011-12,
201988,2012-13,
201988,2013-14,159.0
201988,2014-15,
201988,2015-16,191.0
201988,2016-17,164.0
201988,2017-18,179.0
201988,2018-19,170.0
201988,2019-20,179.0
201988,2020-21,175.0
201988,2021-22,174.0
201988,2022-23,
200794,2006-07,132.0
200794,2007-08,121.0
200794,2008-09,41.0
200794,2009-10,64.0
200794,2010-11,23.0
200794,2011-12,15.0
200794,2012-13,39.0
200794,2013-14,20.0
200794,2014-15,21.0
200794,2015-16,16.0
200794,2016-17,35.0
200794,2017-18,
200794,2018-19,68.0
200794,2019-20,
200794,2020-21,126.0
200794,2021-22,
1737,1998-99,
1737,1999-00,
1737,2000-01,
1737,2001-02,99.0
1737,2002-03,
1737,2003-04,123.0
1737,2004-05,91.0
1737,2005-06,137.0
1737,2006-07,
1737,2007-08,130.0
1737,2008-09,
1737,2009-10,
1737,2010-11,151.0
1737,2011-12,188.0
1737,2012-13,
1737,2013-14,258.0
1737,2014-15,
1737,2015-16,
202693,2011-12,152.0
202693,2012-13,142.0
202693,2013-14,71.0
202693,2014-15,58.0
202693,2015-16,123.0
202693,2016-17,75.0
202693,2017-18,93.0
202693,2018-19,158.0
202693,2019-20,181.0
202693,2020-21,195.0
202693,2021-22,
202693,2022-23,
202694,2011-12,
202694,2012-13,173.0
202694,2013-14,163.0
202694,2014-15,135.0
202694,2015-16,90.0
202694,2016-17,106.0
202694,2017-18,
202694,2018-19,89.0
202694,2019-20,89.0
202694,2020-21,116.0
202694,2021-22,
202694,2022-23,107.0
2211,2001-02,171.0
2211,2002-03,42.0
2211,2003-04,
2211,2004-05,37.0
2211,2005-06,41.0
2211,2006-07,
2211,2007-08,76.0
2211,2008-09,15.0
2211,2009-10,26.0
2211,2010-11,
2211,2011-12,180.0
2211,2012-13,
959,1996-97,
959,1997-98,130.0
959,1998-99,127.0
959,1999-00,
959,2000-01,43.0
959,2001-02,29.0
959,2002-03,25.0
959,2003-04,32.0
959,2004-05,15.0
959,2005-06,12.0
959,2006-07,10.0
959,2007-08,21.0
959,2008-09,25.0
959,2009-10,18.0
959,2010-11,21.0
959,2011-12,31.0
959,2012-13,
959,2013-14,
2749,2004-05,136.0
2749,2005-06,
2749,2006-07,108.0
2749,2007-08,
2749,2008-09,
2749,2009-10,
2749,2010-11,89.0
2749,2011-12,81.0
2749,2012-13,
2749,2013-14,87.0
2749,2014-15,183.0
2749,2015-16,
2749,2016-17,136.0
2749,2017-18,
2403,2002-03,88.0
2403,2003-04,69.0
2403,2004-05,
2403,2005-06,
2403,2006-07,
2403,2007-08,
2403,2008-09,30.0
2403,2009-10,31.0
2403,2010-11,33.0
2403,2011-12,
2403,2012-13,
2403,2013-14,
2403,2014-15,114.0
2403,2015-16,
2403,2016-17,137.0
2403,2017-18,
2403,2018-19,
201149,2007-08,135.0
201149,2008-09,97.0
201149,2009-10,
201149,2010-11,
201149,2011-12,34.0
201149,2012-13,15.0
201149,2013-14,13.0
201149,2014-15,46.0
201149,2015-16,
201149,2016-17,
201149,2017-18,
201149,2018-19,
201149,2019-20,
200779,2006-07,
200779,2007-08,
200779,2008-09,189.0
200779,2009-10,
200779,2010-11,
200779,2011-12,
200779,2012-13,185.0
200779,2013-14,
200779,2014-15,
200779,2015-16,
200779,2016-17,
1717,1998-99,162.0
1717,1999-00,32.0
1717,2000-01,9.0
1717,2001-02,5.0
1717,2002-03,6.0
1717,2003-04,5.0
1717,2004-05,3.0
1717,2005-06,6.0
1717,2006-07,3.0
1717,2007-08,7.0
1717,2008-09,5.0
1717,2009-10,8.0
1717,2010-11,10.0
1717,2011-12,21.0
1717,2012-13,
1717,2013-14,17.0
1717,2014-15,45.0
1717,2015-16,38.0
1717,2016-17,
1717,2017-18,83.0
1717,2018-19,
979,1996-97,
979,1997-98,
979,1998-99,
979,1999-00,195.0
979,2000-01,47.0
979,2001-02,17.0
979,2002-03,10.0
979,2003-04,13.0
979,2004-05,
979,2005-06,
979,2006-07,28.0
979,2007-08,
979,2008-09,77.0
979,2009-10,58.0
979,2010-11,
979,2011-12,
979,2012-13,
979,2013-14,
1885,1999-00,30.0
1885,2000-01,29.0
1885,2001-02,
1885,2002-03,
1885,2003-04,20.0
1885,2004-05,24.0
1885,2005-06,16.0
1885,2006-07,27.0
1885,2007-08,24.0
1885,2008-09,52.0
1885,2009-10,46.0
1885,2010-11,32.0
1885,2011-12,
1885,2012-13,150.0
2731,2004-05,35.0
2731,2005-06,
2731,2006-07,20.0
2731,2007-08,46.0
2731,2008-09,40.0
2731,2009-10,63.0
2731,2010-11,58.0
2731,2011-12,
2731,2012-13,77.0
2731,2017-18,
2585,2003-04,
2585,2004-05,135.0
2585,2005-06,66.0
2585,2006-07,77.0
2585,2007-08,
2585,2008-09,152.0
2585,2009-10,186.0
2585,2010-11,183.0
2585,2011-12,67.0
2585,2012-13,
2585,2013-14,
2585,2014-15,103.0
2585,2015-16,66.0
2585,2016-17,130.0
2585,2017-18,174.0
2585,2018-19,228.0
2457,2002-03,
2457,2003-04,
2457,2004-05,
2457,2005-06,
2457,2006-07,164.0
2457,2007-08,197.0
2457,2009-10,
2457,2011-12,
2457,2012-13,
2457,2013-14,
2457,2014-15,
202951,2011-12,
202951,2012-13,
202951,2019-20,
2225,2001-02,135.0
2225,2002-03,79.0
2225,2003-04,85.0
2225,2004-05,55.0
2225,2005-06,38.0
2225,2006-07,45.0
2225,2007-08,63.0
2225,2008-09,19.0
2225,2009-10,
2225,2010-11,41.0
2225,2011-12,32.0
2225,2012-13,18.0
2225,2013-14,59.0
2225,2014-15,101.0
2225,2015-16,96.0
2225,2016-17,154.0
2225,2017-18,
2225,2018-19,
101108,2005-06,20.0
101108,2006-07,26.0
101108,2007-08,3.0
101108,2008-09,2.0
101108,2009-10,
101108,2010-11,12.0
101108,2011-12,5.0
101108,2012-13,7.0
101108,2013-14,5.0
101108,2014-15,5.0
101108,2015-16,8.0
101108,2016-17,16.0
101108,2017-18,
101108,2018-19,36.0
101108,2019-20,28.0
101108,2020-21,26.0
101108,2021-22,18.0
101108,2022-23,
2570,2003-04,
2570,2004-05,
2570,2005-06,
2570,2006-07,154.0
2570,2007-08,119.0
2570,2008-09,84.0
2570,2009-10,81.0
2570,2010-11,
2570,2011-12,128.0
2570,2012-13,145.0
2570,2013-14,217.0
2570,2014-15,247.0
2570,2015-16,
2570,2017-18,
1718,1998-99,35.0
1718,1999-00,26.0
1718,2000-01,21.0
1718,2001-02,9.0
1718,2002-03,11.0
1718,2003-04,18.0
1718,2004-05,14.0
1718,2005-06,10.0
1718,2006-07,
1718,2007-08,34.0
1718,2008-09,32.0
1718,2009-10,49.0
1718,2010-11,28.0
1718,2011-12,30.0
1718,2012-13,29.0
1718,2013-14,82.0
1718,2014-15,110.0
1718,2015-16,244.0
1718,2016-17,
101179,2005-06,
101179,2006-07,
101179,2007-08,
101179,2008-09,
101179,2009-10,
101179,2010-11,
101179,2011-12,
101179,2012-13,
101179,2013-14,
101179,2014-15,
101179,2015-16,234.0
101179,2016-17,
203143,2012-13,182.0
203143,2013-14,195.0
203143,2014-15,234.0
203143,2015-16,257.0
2419,2002-03,
2419,2003-04,100.0
2419,2004-05,58.0
2419,2005-06,82.0
2419,2006-07,70.0
2419,2007-08,91.0
2419,2008-09,67.0
2419,2009-10,
2419,2010-11,98.0
2419,2011-12,97.0
2419,2012-13,121.0
2419,2013-14,219.0
2419,2014-15,186.0
2419,2015-16,262.0
2038,2000-01,
2038,2001-02,177.0
2038,2002-03,
2038,2003-04,
2038,2004-05,83.0
2038,2005-06,
2038,2006-07,
2038,2007-08,115.0
2038,2008-09,104.0
2038,2009-10,
2038,2010-11,
2038,2011-12,
2038,2012-13,
2216,2001-02,
2216,2002-03,128.0
2216,2003-04,14.0
2216,2004-05,
2216,2005-06,54.0
2216,2006-07,18.0
2216,2007-08,44.0
2216,2008-09,
2216,2009-10,10.0
2216,2010-11,9.0
2216,2011-12,
2216,2012-13,32.0
2216,2013-14,28.0
2216,2014-15,24.0
2216,2015-16,53.0
2216,2016-17,74.0
2216,2017-18,67.0
200755,2006-07,
200755,2007-08,
200755,2008-09,
200755,2009-10,156.0
200755,2010-11,
200755,2011-12,117.0
200755,2012-13,101.0
200755,2013-14,
200755,2014-15,98.0
200755,2015-16,105.0
200755,2016-17,128.0
200755,2017-18,76.0
200755,2018-19,88.0
200755,2019-20,118.0
200755,2020-21,
2202,2001-02,96.0
2202,2002-03,85.0
2202,2003-04,50.0
2202,2004-05,31.0
2202,2005-06,31.0
2202,2006-07,
2202,2007-08,39.0
2202,2008-09,64.0
2202,2009-10,66.0
2202,2010-11,90.0
2202,2011-12,
2202,2012-13,
2202,2014-15,
2047,2000-01,160.0
2047,2001-02,107.0
2047,2002-03,
2047,2003-04,78.0
2047,2004-05,72.0
2047,2005-06,
2047,2006-07,
2047,2007-08,
2047,2008-09,144.0
2047,2009-10,124.0
2047,2010-11,
2047,2011-12,
2047,2012-13,
2557,2003-04,
2557,2004-05,100.0
2557,2005-06,62.0
2557,2006-07,111.0
2557,2007-08,
2557,2008-09,119.0
2557,2009-10,122.0
2557,2010-11,91.0
2557,2011-12,75.0
2557,2012-13,109.0
2557,2013-14,237.0
2557,2014-15,
200765,2006-07,138.0
200765,2007-08,89.0
200765,2008-09,37.0
200765,2009-10,25.0
200765,2010-11,37.0
200765,2011-12,28.0
200765,2012-13,
200765,2013-14,
200765,2014-15,68.0
200765,2015-16,26.0
200765,2016-17,93.0
200765,2017-18,68.0
200765,2018-19,
200765,2019-20,
200765,2020-21,
200765,2021-22,
201565,2008-09,48.0
201565,2009-10,40.0
201565,2010-11,11.0
201565,2011-12,
201565,2013-14,
201565,2014-15,
201565,2015-16,100.0
201565,2016-17,62.0
201565,2017-18,
201565,2018-19,
201565,2019-20,68.0
201565,2020-21,
201565,2021-22,
201565,2022-23,
2422,2002-03,
2422,2003-04,180.0
2422,2004-05,
2422,2005-06,144.0
2422,2006-07,124.0
2422,2007-08,102.0
2422,2008-09,51.0
2422,2009-10,89.0
2422,2010-11,105.0
2422,2011-12,
2422,2012-13,146.0
2422,2013-14,235.0
2422,2014-15,
2449,2007-08,105.0
2449,2008-09,46.0
2449,2009-10,42.0
2449,2010-11,30.0
2449,2011-12,56.0
2449,2012-13,70.0
2449,2013-14,184.0
2449,2014-15,116.0
2449,2015-16,163.0
2449,2016-17,
200757,2006-07,196.0
200757,2007-08,
200757,2008-09,
200757,2009-10,142.0
200757,2010-11,143.0
200757,2011-12,
200757,2012-13,122.0
200757,2013-14,181.0
200757,2014-15,
200757,2015-16,154.0
200757,2016-17,144.0
200757,2017-18,
200757,2018-19,
200757,2019-20,
202397,2010-11,
202397,2011-12,
202397,2012-13,
202397,2013-14,240.0
202397,2014-15,
202397,2015-16,79.0
202397,2016-17,127.0
202397,2017-18,116.0
202397,2018-19,
202397,2019-20,117.0
202397,2020-21,
202397,2021-22,198.0
202397,2022-23,
2747,2004-05,164.0
2747,2005-06,
2747,2006-07,
2747,2007-08,148.0
2747,2008-09,98.0
2747,2009-10,113.0
2747,2010-11,109.0
2747,2011-12,
2747,2012-13,58.0
2747,2013-14,104.0
2747,2014-15,125.0
2747,2015-16,140.0
2747,2016-17,
2747,2017-18,193.0
2747,2018-19,
2747,2019-20,
201160,2007-08,204.0
201160,2009-10,
201160,2010-11,194.0
201160,2011-12,
201160,2012-13,
201160,2013-14,
201160,2014-15,180.0
201160,2015-16,205.0
201160,2016-17,214.0
201160,2017-18,
201160,2018-19,
711,1995-96,81.0
711,1996-97,76.0
711,1997-98,93.0
711,1998-99,
711,1999-00,36.0
711,2000-01,27.0
711,2001-02,47.0
711,2002-03,41.0
711,2003-04,
711,2004-05,
711,2005-06,
711,2006-07,
711,2007-08,
711,2008-09,
711,2009-10,
711,2010-11,
711,2011-12,
711,2012-13,
2405,2002-03,58.0
2405,2003-04,23.0
2405,2004-05,4.0
2405,2005-06,
2405,2006-07,13.0
2405,2007-08,2.0
2405,2008-09,
2405,2009-10,11.0
2405,2010-11,8.0
2405,2011-12,
2405,2012-13,
2405,2013-14,117.0
2405,2014-15,97.0
2405,2015-16,
201952,2009-10,199.0
201952,2010-11,190.0
201952,2011-12,63.0
201952,2012-13,61.0
201952,2013-14,57.0
201952,2014-15,40.0
201952,2015-16,62.0
201952,2016-17,40.0
201952,2017-18,46.0
201952,2018-19,
201952,2019-20,127.0
201952,2020-21,208.0
202066,2009-10,
202066,2010-11,
202066,2012-13,
202066,2013-14,259.0
202066,2014-15,
202066,2015-16,210.0
202066,2016-17,167.0
202066,2017-18,199.0
202066,2018-19,205.0
202066,2019-20,166.0
202066,2020-21,186.0
202066,2021-22,221.0
202066,2022-23,
1891,1999-00,152.0
1891,2000-01,57.0
1891,2001-02,36.0
1891,2002-03,30.0
1891,2003-04,56.0
1891,2004-05,66.0
1891,2005-06,61.0
1891,2006-07,54.0
1891,2007-08,86.0
1891,2008-09,55.0
1891,2009-10,88.0
1891,2010-11,101.0
1891,2011-12,84.0
1891,2012-13,144.0
1891,2013-14,
1891,2014-15,218.0
1891,2015-16,254.0
1891,2016-17,255.0
1891,2017-18,
202738,2011-12,87.0
202738,2012-13,98.0
202738,2013-14,32.0
202738,2014-15,78.0
202738,2015-16,36.0
202738,2016-17,17.0
202738,2017-18,
202738,2018-19,
202738,2019-20,
202738,2020-21,
202738,2021-22,
703,1995-96,129.0
703,1996-97,
703,1997-98,
703,1998-99,126.0
703,1999-00,116.0
703,2000-01,77.0
703,2001-02,42.0
703,2002-03,43.0
703,2003-04,59.0
703,2004-05,36.0
703,2005-06,
703,2006-07,
703,2007-08,109.0
703,2008-09,156.0
703,2009-10,185.0
703,2010-11,
703,2011-12,
703,2012-13,
2224,2001-02,88.0
2224,2002-03,87.0
2224,2003-04,
2224,2004-05,
2224,2005-06,
2224,2006-07,81.0
2224,2007-08,
2224,2009-10,
2224,2011-12,
2224,2012-13,
2224,2013-14,
201229,2008-09,
201229,2009-10,
201229,2010-11,
201229,2011-12,
201229,2012-13,
201229,2013-14,218.0
201229,2014-15,226.0
201229,2015-16,238.0
201229,2016-17,194.0
201229,2017-18,173.0
201229,2018-19,248.0
201229,2019-20,254.0
201229,2020-21,
200782,2006-07,
200782,2012-13,151.0
200782,2013-14,98.0
200782,2014-15,102.0
200782,2015-16,117.0
200782,2016-17,141.0
200782,2017-18,171.0
200782,2018-19,136.0
200782,2019-20,134.0
200782,2020-21,210.0
200782,2021-22,128.0
200782,2022-23,225.0
2045,2000-01,172.0
2045,2001-02,118.0
2045,2002-03,
2045,2003-04,121.0
2045,2004-05,
2045,2005-06,64.0
2045,2006-07,98.0
2045,2007-08,37.0
2045,2008-09,54.0
2045,2009-10,95.0
2045,2010-11,96.0
2045,2011-12,103.0
2045,2012-13,
2045,2013-14,
2045,2014-15,264.0
2757,2004-05,185.0
2757,2005-06,
2757,2006-07,196.0
2757,2007-08,103.0
2757,2008-09,117.0
2757,2009-10,86.0
2757,2010-11,62.0
2757,2011-12,164.0
2757,2012-13,
2757,2013-14,
2757,2014-15,193.0
2757,2015-16,
2757,2016-17,
2760,2004-05,
2760,2005-06,
2760,2006-07,118.0
2760,2007-08,
2760,2008-09,102.0
2760,2009-10,74.0
2760,2010-11,
2760,2011-12,
2760,2012-13,
2760,2013-14,55.0
2760,2014-15,
2760,2015-16,
2760,2016-17,
2760,2020-21,
2756,2004-05,
2756,2005-06,172.0
2756,2006-07,195.0
2756,2007-08,181.0
2756,2008-09,186.0
2756,2009-10,
2756,2010-11,
2756,2013-14,
2756,2015-16,250.0
2756,2016-17,
2548,2003-04,63.0
2548,2004-05,13.0
2548,2005-06,7.0
2548,2006-07,
2548,2007-08,
2548,2008-09,3.0
2548,2009-10,9.0
2548,2010-11,7.0
2548,2011-12,13.0
2548,2012-13,14.0
2548,2013-14,
2548,2014-15,43.0
2548,2015-16,50.0
2548,2016-17,61.0
2548,2017-18,127.0
2548,2018-19,103.0
739,1995-96,
739,1996-97,
739,1997-98,47.0
739,1998-99,64.0
739,1999-00,35.0
739,2000-01,20.0
739,2001-02,22.0
739,2002-03,26.0
739,2003-04,47.0
739,2004-05,51.0
739,2005-06,40.0
739,2006-07,67.0
739,2007-08,71.0
739,2008-09,66.0
739,2009-10,138.0
739,2012-13,
2575,2003-04,193.0
2575,2004-05,
2575,2005-06,
2575,2006-07,
2575,2007-08,149.0
2575,2008-09,
2575,2009-10,
2575,2010-11,
2575,2011-12,
2575,2012-13,
201228,2007-08,
201228,2008-09,136.0
201228,2009-10,
201228,2010-11,199.0
201228,2011-12,
201228,2012-13,175.0
201228,2013-14,215.0
201228,2014-15,
201228,2015-16,
201228,2016-17,259.0
2248,2001-02,
2248,2002-03,161.0
2248,2003-04,155.0
2248,2004-05,138.0
2248,2005-06,120.0
2248,2006-07,122.0
2248,2007-08,95.0
2248,2008-09,
2248,2009-10,126.0
2248,2010-11,184.0
2248,2011-12,
2248,2012-13,
2248,2013-14,
2561,2003-04,172.0
2561,2004-05,
2561,2005-06,35.0
2561,2006-07,
2561,2007-08,23.0
2561,2008-09,18.0
2561,2009-10,23.0
2561,2010-11,26.0
2561,2011-12,55.0
2561,2012-13,26.0
2561,2013-14,53.0
2561,2014-15,62.0
2561,2015-16,145.0
2561,2016-17,204.0
2561,2017-18,163.0
201566,2008-09,81.0
201566,2009-10,45.0
201566,2010-11,17.0
201566,2011-12,18.0
201566,2012-13,11.0
201566,2013-14,
201566,2014-15,2.0
201566,2015-16,3.0
201566,2016-17,1.0
201566,2017-18,5.0
201566,2018-19,5.0
201566,2019-20,13.0
201566,2020-21,4.0
201566,2021-22,38.0
201566,2022-23,55.0
202355,2010-11,
202355,2011-12,
202355,2014-15,
202355,2015-16,13.0
202355,2016-17,10.0
202355,2017-18,
202355,2018-19,41.0
202355,2019-20,11.0
202355,2020-21,
202355,2021-22,85.0
2863,2004-05,
2863,2005-06,162.0
2863,2006-07,148.0
2863,2007-08,174.0
2863,2008-09,
2863,2009-10,178.0
2863,2010-11,
2863,2011-12,191.0
2863,2012-13,
2863,2017-18,
101114,2005-06,110.0
101114,2006-07,41.0
101114,2007-08,20.0
101114,2008-09,13.0
101114,2009-10,15.0
101114,2010-11,14.0
101114,2011-12,26.0
101114,2012-13,27.0
101114,2013-14,62.0
101114,2014-15,73.0
101114,2015-16,78.0
101114,2016-17,125.0
101150,2005-06,
101150,2006-07,
101150,2007-08,142.0
101150,2008-09,145.0
101150,2009-10,
101150,2010-11,119.0
101150,2011-12,83.0
101150,2012-13,
101150,2013-14,157.0
101150,2014-15,115.0
101150,2015-16,106.0
101150,2016-17,82.0
101150,2017-18,34.0
101150,2018-19,63.0
101150,2019-20,76.0
101150,2020-21,161.0
101150,2021-22,
101107,2005-06,123.0
101107,2006-07,97.0
101107,2007-08,81.0
101107,2008-09,71.0
101107,2009-10,112.0
101107,2010-11,
101107,2011-12,93.0
101107,2012-13,163.0
101107,2013-14,140.0
101107,2014-15,149.0
101107,2015-16,68.0
101107,2016-17,89.0
101107,2017-18,126.0
101107,2018-19,121.0
101107,2019-20,213.0
2590,2003-04,
2590,2004-05,101.0
2590,2005-06,
2590,2006-07,47.0
2590,2007-08,59.0
2590,2008-09,56.0
2590,2009-10,62.0
2590,2010-11,
2590,2011-12,
2590,2012-13,
2590,2013-14,165.0
2590,2014-15,91.0
2590,2015-16,
1897,1999-00,119.0
1897,2000-01,98.0
1897,2001-02,
1897,2002-03,53.0
1897,2003-04,49.0
1897,2004-05,
1897,2005-06,55.0
1897,2006-07,40.0
1897,2007-08,38.0
1897,2008-09,65.0
1897,2009-10,110.0
1897,2010-11,144.0
1897,2011-12,145.0
1897,2012-13,99.0
1897,2013-14,
1897,2015-16,
1897,2016-17,
201156,2007-08,205.0
201156,2008-09,169.0
201156,2009-10,194.0
201156,2010-11,115.0
201156,2011-12,142.0
201156,2012-13,
201156,2013-14,105.0
201156,2014-15,
201156,2015-16,
201156,2016-17,145.0
201156,2017-18,234.0
201156,2018-19,
201152,2007-08,144.0
201152,2008-09,87.0
201152,2009-10,101.0
201152,2010-11,92.0
201152,2011-12,62.0
201152,2012-13,37.0
201152,2013-14,50.0
201152,2014-15,72.0
201152,2015-16,37.0
201152,2016-17,85.0
201152,2017-18,71.0
201152,2018-19,69.0
201152,2019-20,148.0
201152,2020-21,56.0
201152,2021-22,
201152,2022-23,193.0
