FULL_NAME,PLAYER_ID,SEASON_ID,RANK_PG_EFF,EFF_CHANGE,TARGET,TEAM_ABBREVIATION,PLAYER_AGE,GP,MIN,FGM,FGA,FG_PCT,FG3M,FG3A,FG3_PCT,FTM,FTA,FT_PCT,OREB,DREB,REB,AST,STL,BLK,TOV,PF,PTS,POSITION,GP_career,GS_career,MIN_career,FGM_career,FGA_career,FG_PCT_career,FG3M_career,FG3A_career,FG3_PCT_career,FTM_career,FTA_career,FT_PCT_career,OREB_career,DREB_career,REB_career,AST_career,STL_career,BLK_career,TOV_career,PF_career,PTS_career
Grant Hill,255,2007-08,71,-11,True,PHX,35,70,31.7,5.1,10.2,0.503,0.5,1.5,0.317,2.4,2.8,0.867,1.1,4.0,5.0,2.9,0.9,0.8,1.4,2.2,13.1,SF,1026,972,33.9,6.2,12.8,0.483,0.2,0.7,0.314,4.1,5.4,0.769,1.1,4.9,6.0,4.1,1.2,0.6,2.4,2.3,16.7
Juwan Howard,436,2005-06,90,-26,True,HOU,33,80,31.7,4.9,10.7,0.45899999999999996,0.0,0.1,0.0,1.9,2.4,0.8059999999999999,2.1,4.6,6.7,1.4,0.6,0.1,1.7,2.9,11.8,C,1208,900,30.3,5.4,11.5,0.469,0.0,0.0,0.12,2.5,3.3,0.764,1.9,4.2,6.1,2.2,0.7,0.3,2.0,2.9,13.4
Jason Kidd,467,2009-10,33,-39,True,DAL,37,80,36.0,3.6,8.4,0.423,2.2,5.2,0.425,1.0,1.2,0.8079999999999999,0.6,5.0,5.6,9.1,1.8,0.4,2.4,1.8,10.3,PG,1391,1350,36.0,4.5,11.2,0.4,1.4,4.1,0.349,2.2,2.8,0.785,1.3,5.0,6.3,8.7,1.9,0.3,2.9,1.8,12.6
Kurt Thomas,703,2007-08,109,-47,True,TOT,35,70,22.6,2.8,5.7,0.49200000000000005,0.0,0.0,0.0,0.8,1.1,0.6629999999999999,1.9,5.4,7.2,1.0,0.8,0.8,0.7,2.7,6.3,C,1110,650,24.5,3.5,7.1,0.486,0.0,0.0,0.281,1.2,1.5,0.76,1.7,4.9,6.6,1.1,0.7,0.8,1.1,3.2,8.1
Kevin Garnett,708,2011-12,20,-16,True,BOS,36,60,31.1,6.5,13.0,0.503,0.1,0.2,0.33299999999999996,2.7,3.2,0.857,1.1,7.1,8.2,2.9,0.9,1.0,1.8,2.4,15.8,PF,1462,1425,34.5,7.2,14.5,0.49700000000000005,0.1,0.4,0.275,3.3,4.2,0.789,2.2,7.8,10.0,3.7,1.3,1.4,2.2,2.4,17.8
Jerry Stackhouse,711,2000-01,27,-20,True,DET,26,80,40.1,9.7,24.1,0.402,2.1,5.9,0.35100000000000003,8.3,10.1,0.8220000000000001,1.2,2.7,3.9,5.1,1.2,0.7,4.1,2.0,29.8,SF,970,564,31.2,5.6,13.6,0.409,1.0,3.3,0.309,4.8,5.8,0.8220000000000001,1.0,2.2,3.2,3.3,0.9,0.5,2.7,1.9,16.9
Rasheed Wallace,739,2008-09,66,-72,True,DET,34,66,32.2,4.6,10.9,0.419,1.7,4.8,0.354,1.2,1.5,0.772,0.8,6.6,7.4,1.4,0.9,1.3,0.9,3.0,12.0,C,1109,956,32.7,5.7,12.2,0.467,1.0,2.9,0.336,2.1,2.9,0.721,1.4,5.3,6.7,1.8,1.0,1.3,1.5,2.9,14.4
Marcus Camby,948,2006-07,16,3,True,DEN,33,70,33.8,4.5,9.4,0.473,0.0,0.0,0.0,2.3,3.2,0.7290000000000001,2.3,9.3,11.7,3.2,1.2,3.3,1.7,2.6,11.2,C,973,786,29.5,3.9,8.3,0.466,0.0,0.1,0.205,1.8,2.6,0.67,2.7,7.1,9.8,1.9,1.0,2.4,1.4,2.8,9.5
Ray Allen,951,2006-07,21,-54,True,SEA,31,55,40.3,9.2,21.0,0.43799999999999994,3.0,8.1,0.37200000000000005,5.1,5.6,0.903,1.0,3.5,4.5,4.1,1.5,0.2,2.8,2.1,26.4,SG,1300,1149,35.7,6.6,14.6,0.452,2.3,5.7,0.4,3.4,3.8,0.894,0.9,3.1,4.1,3.4,1.1,0.2,2.1,2.2,18.9
Steve Nash,959,2006-07,10,-11,True,PHX,33,76,35.3,6.8,12.8,0.532,2.1,4.5,0.455,2.9,3.3,0.899,0.4,3.1,3.5,11.6,0.8,0.1,3.8,1.5,18.6,PG,1217,1053,31.3,5.2,10.6,0.49,1.4,3.2,0.428,2.5,2.8,0.904,0.5,2.5,3.0,8.5,0.7,0.1,2.9,1.6,14.3
Derek Fisher,965,2005-06,86,-59,True,GSW,31,82,31.6,4.4,10.8,0.41,1.4,3.6,0.397,3.0,3.6,0.833,0.4,2.1,2.6,4.3,1.5,0.1,1.9,2.9,13.3,PG,1287,731,25.4,2.9,7.2,0.39899999999999997,1.0,2.6,0.374,1.6,1.9,0.8170000000000001,0.3,1.7,2.1,3.0,1.1,0.1,1.1,2.1,8.3
Jermaine O'Neal,979,2002-03,10,-3,True,IND,24,77,37.2,7.9,16.4,0.484,0.1,0.3,0.33299999999999996,4.8,6.6,0.731,2.6,7.7,10.3,2.0,0.9,2.3,2.3,3.6,20.8,C,1011,697,27.1,5.1,10.9,0.467,0.0,0.1,0.147,3.0,4.2,0.715,2.0,5.2,7.2,1.4,0.5,1.8,1.9,2.9,13.2
Chauncey Billups,1497,2005-06,23,-15,True,DET,29,81,36.1,5.2,12.5,0.418,2.3,5.2,0.433,5.7,6.4,0.894,0.5,2.6,3.1,8.6,0.9,0.1,2.1,2.0,18.5,PG,1043,937,31.6,4.5,10.9,0.415,1.8,4.5,0.387,4.3,4.8,0.894,0.5,2.4,2.9,5.4,1.0,0.2,2.0,2.1,15.2
Stephen Jackson,1536,2009-10,52,-27,True,TOT,32,81,38.6,7.4,17.5,0.423,1.6,4.9,0.32799999999999996,4.2,5.4,0.779,1.0,4.0,5.0,3.7,1.6,0.5,3.2,2.4,20.6,SF,858,676,31.9,5.4,13.0,0.414,1.5,4.4,0.33299999999999996,2.9,3.7,0.7979999999999999,0.8,3.1,3.9,3.1,1.3,0.4,2.5,2.4,15.1
Antawn Jamison,1712,2011-12,58,-77,True,CLE,36,65,33.1,6.5,16.1,0.40299999999999997,1.4,4.1,0.341,2.8,4.2,0.6829999999999999,1.9,4.4,6.3,2.0,0.8,0.7,1.4,2.5,17.2,PF,1083,864,34.8,7.1,15.7,0.451,1.1,3.1,0.34600000000000003,3.3,4.5,0.7240000000000001,2.4,5.2,7.5,1.6,1.0,0.4,1.6,2.4,18.5
Vince Carter,1713,2013-14,131,-128,True,DAL,37,81,24.4,4.1,10.0,0.40700000000000003,1.8,4.6,0.39399999999999996,2.0,2.4,0.821,0.8,2.7,3.5,2.6,0.8,0.4,1.3,2.6,11.9,SF,1541,982,30.1,6.0,13.8,0.435,1.5,4.0,0.371,3.1,3.9,0.7979999999999999,1.1,3.2,4.3,3.1,1.0,0.6,1.7,2.6,16.7
Dirk Nowitzki,1717,2013-14,17,-28,True,DAL,36,80,32.9,7.9,15.9,0.49700000000000005,1.6,4.1,0.39799999999999996,4.2,4.7,0.899,0.5,5.7,6.2,2.7,0.9,0.6,1.5,2.1,21.7,PF,1522,1460,33.8,7.3,15.6,0.47100000000000003,1.3,3.4,0.38,4.8,5.4,0.879,1.0,6.6,7.5,2.4,0.8,0.8,1.6,2.4,20.7
Paul Pierce,1718,2014-15,110,-134,True,WAS,37,73,26.2,4.0,9.0,0.447,1.6,4.2,0.389,2.2,2.9,0.7809999999999999,0.6,3.4,4.0,2.0,0.6,0.3,1.3,2.2,11.9,SF,1343,1285,34.2,6.5,14.5,0.445,1.6,4.3,0.368,5.2,6.4,0.8059999999999999,0.8,4.8,5.6,3.5,1.3,0.6,2.6,2.7,19.7
Al Harrington,1733,2009-10,69,-68,True,NYK,30,72,30.5,6.2,14.3,0.435,1.9,5.7,0.342,3.3,4.4,0.757,1.2,4.4,5.6,1.5,0.9,0.4,1.8,2.9,17.7,PF,981,445,28.5,5.1,11.5,0.444,1.0,2.8,0.35200000000000004,2.2,3.1,0.727,1.5,4.1,5.6,1.7,0.9,0.3,1.9,3.1,13.5
Nazr Mohammed,1737,2004-05,91,-46,True,TOT,27,77,25.1,3.8,7.8,0.48,0.0,0.0,0.0,2.0,2.9,0.674,3.2,4.4,7.6,0.4,0.8,1.1,1.4,3.1,9.5,C,1005,354,15.8,2.4,4.9,0.486,0.0,0.0,0.0,1.0,1.6,0.64,1.8,2.9,4.7,0.4,0.4,0.6,0.9,2.1,5.8
Rashard Lewis,1740,2008-09,44,-55,True,ORL,29,79,36.2,6.1,13.8,0.439,2.8,7.0,0.397,2.8,3.4,0.836,1.2,4.6,5.7,2.6,1.0,0.6,2.0,2.5,17.7,SF,1049,842,32.0,5.4,11.9,0.452,1.7,4.4,0.386,2.4,3.0,0.805,1.4,3.8,5.2,1.7,1.1,0.5,1.5,2.3,14.9
Elton Brand,1882,2011-12,50,-63,True,PHI,33,60,28.9,4.8,9.7,0.494,0.0,0.0,0.0,1.4,1.9,0.733,2.4,4.7,7.2,1.6,1.0,1.6,1.1,2.9,11.0,PF,1058,868,33.0,6.2,12.5,0.5,0.0,0.0,0.095,3.4,4.7,0.736,3.1,5.4,8.5,2.1,0.9,1.7,1.9,2.9,15.9
Lamar Odom,1885,2007-08,24,-28,True,LAL,28,77,37.9,5.4,10.3,0.525,0.4,1.5,0.27399999999999997,3.0,4.3,0.698,2.6,8.1,10.6,3.5,1.0,0.9,2.0,2.9,14.2,PF,961,684,33.4,5.0,10.8,0.46299999999999997,0.7,2.2,0.312,2.6,3.7,0.693,1.9,6.5,8.4,3.7,0.9,0.9,2.3,3.0,13.3
Richard Hamilton,1888,2006-07,52,-17,True,DET,29,75,36.8,7.3,15.6,0.46799999999999997,0.6,1.7,0.341,4.6,5.4,0.861,1.0,2.8,3.8,3.8,0.8,0.2,2.1,3.1,19.8,SG,921,783,32.1,6.5,14.4,0.449,0.6,1.7,0.34600000000000003,3.5,4.1,0.852,0.9,2.2,3.1,3.4,0.8,0.1,2.1,2.5,17.1
Andre Miller,1889,2012-13,94,-103,True,DEN,37,82,26.2,3.7,7.7,0.479,0.2,0.8,0.266,2.0,2.4,0.84,0.7,2.2,2.9,5.9,0.9,0.1,2.1,1.9,9.6,PG,1304,939,30.9,4.6,10.0,0.461,0.1,0.7,0.217,3.1,3.8,0.807,1.1,2.6,3.7,6.5,1.2,0.2,2.4,2.2,12.5
Shawn Marion,1890,2012-13,42,-44,True,DAL,35,67,30.0,5.3,10.3,0.514,0.3,1.1,0.315,1.2,1.5,0.782,2.2,5.7,7.8,2.4,1.1,0.7,1.5,1.7,12.1,SF,1163,1062,34.5,6.3,12.9,0.484,0.7,2.1,0.331,2.0,2.5,0.81,2.3,6.3,8.7,1.9,1.5,1.1,1.5,2.2,15.2
Jason Terry,1891,2011-12,84,-60,True,DAL,34,63,31.7,5.7,13.2,0.43,2.2,5.8,0.37799999999999995,1.6,1.8,0.883,0.3,2.1,2.4,3.6,1.2,0.2,2.0,1.1,15.1,SG,1410,679,29.8,4.9,11.1,0.444,1.6,4.3,0.38,2.0,2.3,0.845,0.4,2.0,2.3,3.8,1.1,0.2,1.7,1.8,13.4
Metta World Peace,1897,2008-09,65,-45,True,HOU,29,69,35.5,6.0,15.0,0.401,2.2,5.6,0.39899999999999997,2.8,3.8,0.748,0.9,4.3,5.2,3.3,1.5,0.3,2.0,2.2,17.1,SF,991,840,31.7,4.7,11.4,0.414,1.2,3.4,0.33899999999999997,2.6,3.6,0.715,1.2,3.3,4.5,2.7,1.7,0.5,1.8,2.6,13.2
Andrei Kirilenko,1905,2005-06,15,-75,True,UTA,25,69,37.7,4.9,10.6,0.46,0.5,1.7,0.308,5.0,7.2,0.6990000000000001,2.3,5.7,8.0,4.3,1.5,3.2,2.9,2.3,15.3,SF,797,546,30.0,3.9,8.3,0.474,0.5,1.5,0.31,3.5,4.6,0.754,1.8,3.7,5.5,2.7,1.4,1.8,1.9,2.0,11.8
Manu Ginobili,1938,2015-16,147,-54,True,SAS,38,58,19.6,3.4,7.5,0.45299999999999996,1.2,3.1,0.391,1.6,1.9,0.813,0.4,2.1,2.5,3.1,1.1,0.2,1.7,1.7,9.6,SG,1057,349,25.4,4.3,9.7,0.447,1.4,3.8,0.369,3.2,3.9,0.8270000000000001,0.6,2.8,3.5,3.8,1.3,0.3,2.0,2.1,13.3
Kenyon Martin,2030,2003-04,21,-22,True,NJN,26,65,34.6,6.8,13.8,0.488,0.1,0.4,0.28,3.1,4.5,0.684,2.0,7.4,9.5,2.5,1.5,1.3,2.6,3.5,16.7,PF,757,667,30.6,5.1,10.6,0.483,0.1,0.4,0.23399999999999999,2.0,3.2,0.629,1.7,5.1,6.8,1.9,1.2,1.1,1.7,3.3,12.3
Mike Miller,2034,2006-07,43,-15,True,MEM,27,70,39.1,6.6,14.4,0.46,2.9,7.1,0.406,2.3,2.9,0.7929999999999999,0.7,4.7,5.4,4.3,0.8,0.3,2.6,2.0,18.5,SF,1032,570,27.0,3.9,8.5,0.45899999999999996,1.5,3.8,0.40700000000000003,1.3,1.7,0.769,0.6,3.6,4.2,2.6,0.6,0.2,1.5,2.0,10.6
Jamal Crawford,2037,2013-14,85,-38,True,LAC,34,69,30.4,6.1,14.7,0.41600000000000004,2.3,6.5,0.361,4.0,4.7,0.866,0.5,1.8,2.3,3.2,0.9,0.2,2.0,1.7,18.6,SG,1327,433,29.4,5.1,12.4,0.41,1.7,4.8,0.348,2.8,3.2,0.862,0.4,1.9,2.2,3.4,0.9,0.2,1.9,1.5,14.6
Hedo Turkoglu,2045,2008-09,54,-41,True,ORL,30,77,36.6,5.5,13.3,0.413,1.7,4.9,0.35600000000000004,4.1,5.1,0.807,0.6,4.7,5.3,4.9,0.8,0.2,2.6,2.8,16.8,SF,997,571,26.8,3.9,9.1,0.426,1.2,3.3,0.384,2.1,2.7,0.784,0.6,3.3,4.0,2.8,0.8,0.3,1.6,2.4,11.1
Tyson Chandler,2199,2014-15,19,-68,True,DAL,32,75,30.5,3.9,5.9,0.6659999999999999,0.0,0.0,0.0,2.5,3.4,0.72,3.9,7.6,11.5,1.1,0.6,1.2,1.4,2.3,10.3,C,1160,886,27.3,3.1,5.1,0.597,0.0,0.0,0.0,2.1,3.2,0.644,3.0,6.0,9.0,0.8,0.5,1.2,1.4,2.8,8.2
Pau Gasol,2200,2015-16,12,-44,True,CHI,35,72,31.8,6.5,13.8,0.469,0.3,1.0,0.348,3.2,4.0,0.792,2.2,8.9,11.0,4.1,0.6,2.0,2.3,2.1,16.5,PF,1226,1150,33.4,6.5,12.8,0.507,0.1,0.4,0.368,3.9,5.1,0.753,2.5,6.7,9.2,3.2,0.5,1.6,2.2,2.1,17.0
Jason Richardson,2202,2007-08,39,-25,True,CHA,27,82,38.4,7.9,17.9,0.441,3.0,7.3,0.406,3.0,4.0,0.752,1.0,4.4,5.4,3.1,1.4,0.7,2.0,2.9,21.8,SG,857,842,34.1,6.5,14.8,0.43799999999999994,1.9,5.1,0.37,2.2,3.2,0.7070000000000001,1.2,3.7,5.0,2.7,1.2,0.4,1.8,2.3,17.1
Joe Johnson,2207,2015-16,112,-62,True,TOT,35,81,33.4,4.7,10.6,0.439,1.5,3.9,0.38299999999999995,1.5,1.8,0.831,0.6,3.0,3.6,3.9,0.8,0.0,2.0,1.8,12.2,SG,1277,1091,34.6,6.1,13.9,0.441,1.5,4.2,0.371,2.2,2.7,0.802,0.8,3.1,4.0,3.9,0.8,0.2,1.9,1.8,16.0
Richard Jefferson,2210,2013-14,172,-74,True,UTA,34,82,27.0,3.6,8.0,0.45,1.5,3.7,0.409,1.5,2.0,0.741,0.2,2.5,2.7,1.6,0.7,0.2,1.1,2.0,10.1,SF,1181,809,29.0,4.4,9.4,0.46399999999999997,0.9,2.3,0.376,3.0,3.9,0.768,0.8,3.2,4.0,2.0,0.7,0.3,1.5,2.2,12.6
Troy Murphy,2211,2008-09,15,-11,True,IND,29,73,34.0,5.0,10.5,0.475,2.2,4.9,0.45,2.1,2.5,0.826,2.0,9.8,11.8,2.4,0.8,0.5,1.6,3.1,14.3,C,729,482,27.3,3.9,8.8,0.445,0.8,2.2,0.38799999999999996,2.1,2.7,0.785,1.9,5.9,7.8,1.5,0.7,0.4,1.2,2.6,10.8
Jason Collins,2215,2004-05,122,-38,True,NJN,26,80,31.8,2.3,5.6,0.41200000000000003,0.0,0.1,0.33299999999999996,1.7,2.6,0.6559999999999999,1.9,4.2,6.1,1.3,0.9,0.9,1.1,4.0,6.4,C,735,477,20.4,1.2,3.0,0.41100000000000003,0.0,0.0,0.20600000000000002,1.1,1.6,0.647,1.2,2.4,3.7,0.9,0.5,0.5,0.8,2.8,3.6
Zach Randolph,2216,2014-15,24,-29,True,MEM,33,71,32.4,6.4,13.1,0.48700000000000004,0.1,0.3,0.35,3.2,4.2,0.765,3.2,7.4,10.5,2.2,1.0,0.2,2.2,2.5,16.1,PF,1116,883,31.0,6.7,14.1,0.47100000000000003,0.2,0.7,0.273,3.1,4.1,0.764,2.9,6.2,9.1,1.8,0.7,0.3,2.1,2.4,16.6
Brendan Haywood,2217,2009-10,55,-117,True,TOT,30,77,30.6,3.6,6.4,0.562,0.0,0.0,0.0,2.0,3.2,0.62,3.6,5.7,9.3,0.6,0.3,2.1,1.3,2.7,9.1,C,816,549,22.9,2.6,4.9,0.528,0.0,0.0,0.0,1.6,2.8,0.5870000000000001,2.6,3.4,6.0,0.5,0.4,1.4,1.0,2.5,6.8
Samuel Dalembert,2223,2009-10,56,-46,True,PHI,30,82,25.9,3.5,6.4,0.545,0.0,0.0,0.0,1.2,1.6,0.7290000000000001,2.9,6.6,9.6,0.8,0.5,1.8,1.5,3.1,8.1,C,886,694,24.4,3.2,6.1,0.521,0.0,0.0,0.083,1.3,1.9,0.706,2.6,5.3,7.8,0.5,0.5,1.7,1.4,2.9,7.7
Tony Parker,2225,2015-16,96,-58,True,SAS,34,72,27.5,4.9,9.9,0.493,0.4,0.9,0.415,1.8,2.4,0.76,0.2,2.2,2.4,5.3,0.8,0.2,1.8,1.6,11.9,PG,1254,1151,30.5,6.2,12.6,0.491,0.4,1.3,0.324,2.7,3.6,0.7509999999999999,0.4,2.4,2.7,5.6,0.8,0.1,2.3,1.6,15.5
Mike James,2229,2005-06,33,-107,True,TOR,31,79,37.0,7.3,15.5,0.469,2.1,4.8,0.442,3.6,4.3,0.8370000000000001,0.6,2.7,3.3,5.8,0.9,0.0,2.6,2.7,20.3,PG,595,286,24.1,3.6,8.6,0.41700000000000004,1.2,3.0,0.379,1.5,1.9,0.802,0.4,1.9,2.2,3.5,0.8,0.1,1.5,2.0,9.9
Earl Watson,2248,2009-10,126,-58,True,IND,31,79,29.4,2.8,6.6,0.426,0.7,2.3,0.28800000000000003,1.5,2.1,0.71,0.7,2.4,3.0,5.1,1.3,0.2,2.2,2.3,7.8,PG,878,227,22.2,2.4,5.9,0.41100000000000003,0.6,1.8,0.324,1.0,1.4,0.703,0.5,1.7,2.3,4.4,1.0,0.2,1.8,2.0,6.4
Chris Andersen,2365,2013-14,139,-20,True,MIA,35,72,19.4,2.5,3.8,0.644,0.0,0.2,0.25,1.7,2.3,0.71,1.8,3.5,5.3,0.3,0.4,1.3,0.7,2.3,6.6,C,695,45,17.7,1.9,3.6,0.532,0.0,0.1,0.221,1.5,2.3,0.654,1.7,3.3,5.0,0.5,0.4,1.4,0.7,1.9,5.4
Drew Gooden,2400,2004-05,33,-32,True,CLE,23,82,30.8,5.7,11.5,0.49200000000000005,0.1,0.3,0.179,3.1,3.8,0.81,2.5,6.7,9.2,1.6,0.9,0.9,1.6,2.8,14.4,PF,790,500,25.5,4.3,9.4,0.462,0.1,0.4,0.257,2.2,2.8,0.76,2.4,4.7,7.1,1.1,0.7,0.6,1.5,2.5,11.0
Nene,2403,2009-10,31,-2,True,DEN,27,82,33.6,5.1,8.7,0.5870000000000001,0.0,0.0,0.0,3.6,5.1,0.7040000000000001,2.0,5.6,7.6,2.5,1.4,1.0,1.5,3.4,13.8,C,965,626,26.1,4.3,7.9,0.5479999999999999,0.0,0.1,0.132,2.6,4.0,0.66,1.7,4.3,6.0,1.8,1.1,0.7,1.7,3.0,11.3
Caron Butler,2406,2008-09,22,-43,True,WAS,29,67,38.6,7.3,16.2,0.45299999999999996,1.0,3.1,0.31,5.1,6.0,0.858,1.8,4.4,6.2,4.3,1.6,0.3,3.1,2.5,20.8,SF,881,732,32.2,5.2,12.0,0.434,0.8,2.4,0.348,2.8,3.3,0.847,1.3,3.7,5.0,2.3,1.3,0.2,1.8,2.4,14.1
Tayshaun Prince,2419,2012-13,121,-98,True,TOT,33,82,32.1,4.4,10.0,0.43799999999999994,0.5,1.1,0.40399999999999997,1.2,1.6,0.738,0.9,3.6,4.4,2.4,0.6,0.3,1.1,1.0,10.4,SF,1017,902,31.0,4.5,9.9,0.455,0.6,1.5,0.36700000000000005,1.5,2.0,0.7559999999999999,1.1,3.2,4.3,2.4,0.6,0.5,1.0,1.2,11.1
John Salmons,2422,2012-13,146,-89,True,SAC,33,76,30.0,3.2,8.1,0.39899999999999997,1.3,3.5,0.371,1.1,1.4,0.773,0.4,2.3,2.7,3.0,0.7,0.3,1.1,1.9,8.8,SF,895,429,26.4,3.4,7.8,0.431,0.8,2.2,0.366,1.7,2.2,0.799,0.5,2.4,2.9,2.4,0.8,0.3,1.3,1.9,9.3
Roger Mason Jr.,2427,2008-09,135,-55,True,SAS,28,82,30.4,4.3,10.0,0.425,2.0,4.8,0.42100000000000004,1.3,1.4,0.89,0.2,2.9,3.1,2.1,0.5,0.1,1.2,2.0,11.8,SG,518,103,17.7,2.3,5.7,0.408,1.1,3.0,0.38299999999999995,0.6,0.7,0.866,0.2,1.6,1.7,1.3,0.4,0.1,0.7,1.4,6.3
Matt Barnes,2440,2012-13,103,-32,True,LAC,33,80,25.7,3.9,8.4,0.462,1.4,4.1,0.342,1.1,1.5,0.7440000000000001,1.4,3.2,4.6,1.5,1.0,0.8,1.1,2.9,10.3,SF,929,359,23.6,3.0,6.9,0.436,1.1,3.2,0.335,1.1,1.5,0.745,1.1,3.5,4.6,1.8,0.8,0.5,1.3,2.5,8.2
Rasual Butler,2446,2008-09,139,6,True,NOH,30,82,31.9,4.2,9.8,0.433,1.7,4.4,0.39,1.0,1.3,0.782,0.6,2.7,3.3,0.9,0.6,0.7,0.7,1.9,11.2,SF,809,266,21.3,2.8,7.0,0.40299999999999997,1.1,3.1,0.36200000000000004,0.7,1.0,0.747,0.4,2.0,2.4,0.8,0.4,0.5,0.7,1.4,7.5
Jannero Pargo,2457,2006-07,164,-33,True,NOK,27,82,20.9,3.5,8.4,0.409,1.0,2.5,0.38799999999999996,1.3,1.5,0.852,0.2,2.0,2.2,2.5,0.6,0.0,1.5,1.5,9.2,PG,499,18,14.9,2.5,6.3,0.391,0.8,2.3,0.35600000000000004,0.6,0.7,0.8640000000000001,0.2,1.2,1.4,2.0,0.5,0.1,1.1,1.3,6.4
Reggie Evans,2501,2007-08,158,-35,True,PHI,28,81,23.2,1.9,4.3,0.439,0.0,0.0,1.0,1.5,3.2,0.467,2.8,4.8,7.5,0.8,1.1,0.1,1.3,2.6,5.2,PF,809,372,19.3,1.4,2.9,0.465,0.0,0.0,0.091,1.3,2.5,0.528,2.5,4.7,7.1,0.6,0.7,0.1,1.1,2.3,4.1
Carmelo Anthony,2546,2016-17,41,-47,True,NYK,33,74,34.3,8.1,18.8,0.433,2.0,5.7,0.359,4.1,4.9,0.833,0.8,5.1,5.9,2.9,0.8,0.5,2.1,2.7,22.4,SF,1260,1120,34.5,8.0,18.0,0.447,1.4,3.9,0.355,5.0,6.2,0.8140000000000001,1.6,4.6,6.2,2.7,1.0,0.5,2.4,2.8,22.5
Dwyane Wade,2548,2016-17,61,-66,True,CHI,35,60,29.9,6.9,15.9,0.434,0.8,2.4,0.31,3.7,4.7,0.794,1.1,3.5,4.5,3.8,1.4,0.7,2.3,1.9,18.3,SG,1054,909,33.9,8.0,16.7,0.48,0.5,1.8,0.293,5.4,7.1,0.765,1.2,3.5,4.7,5.4,1.5,0.8,3.2,2.2,22.0
Chris Kaman,2549,2006-07,83,66,True,LAC,25,75,29.0,3.9,8.7,0.451,0.0,0.0,0.0,2.2,3.0,0.741,2.1,5.7,7.8,1.1,0.5,1.5,2.0,3.3,10.1,C,735,538,26.7,4.7,9.6,0.489,0.0,0.0,0.042,1.8,2.5,0.743,2.0,5.6,7.6,1.3,0.4,1.3,2.1,2.7,11.2
Kirk Hinrich,2550,2013-14,156,-95,True,CHI,33,73,29.0,3.3,8.5,0.39299999999999996,1.2,3.3,0.35100000000000003,1.3,1.7,0.76,0.4,2.2,2.6,3.9,1.1,0.4,1.6,2.8,9.1,PG,879,665,30.7,4.0,9.7,0.41100000000000003,1.3,3.6,0.375,1.6,2.0,0.8,0.4,2.6,2.9,4.8,1.1,0.3,1.8,2.8,10.9
Nick Collison,2555,2012-13,152,-53,True,OKC,32,81,19.5,2.2,3.7,0.595,0.0,0.0,0.0,0.7,1.0,0.769,1.5,2.6,4.1,1.5,0.6,0.4,0.9,2.4,5.1,C,910,177,20.4,2.4,4.6,0.534,0.0,0.1,0.20800000000000002,1.0,1.4,0.723,1.9,3.2,5.2,1.0,0.5,0.5,1.0,2.8,5.9
Luke Ridnour,2557,2012-13,109,-128,True,MIN,32,82,30.2,4.5,9.9,0.45299999999999996,0.8,2.6,0.311,1.7,2.0,0.848,0.5,2.0,2.5,3.8,1.0,0.2,1.6,2.3,11.5,PG,830,493,26.1,3.5,8.2,0.431,0.7,2.0,0.349,1.6,1.8,0.862,0.4,1.8,2.3,4.5,1.0,0.2,1.6,2.1,9.3
David West,2561,2014-15,62,-83,True,IND,34,66,28.7,4.9,10.4,0.47100000000000003,0.1,0.3,0.2,1.8,2.4,0.7390000000000001,1.6,5.2,6.8,3.4,0.7,0.7,1.8,2.4,11.7,PF,1034,742,28.2,5.5,11.1,0.495,0.1,0.2,0.265,2.5,3.0,0.8170000000000001,1.7,4.6,6.4,2.2,0.7,0.8,1.6,2.3,13.6
Dahntay Jones,2563,2011-12,185,-13,True,IND,31,65,16.2,1.8,4.3,0.409,0.5,1.2,0.429,1.3,1.5,0.838,0.4,1.4,1.8,1.0,0.4,0.2,0.7,1.8,5.3,SG,624,157,15.7,1.9,4.4,0.439,0.2,0.5,0.32899999999999996,1.3,1.8,0.7509999999999999,0.4,1.3,1.7,0.8,0.4,0.2,0.8,1.9,5.4
Boris Diaw,2564,2015-16,193,-56,True,SAS,34,76,18.2,2.7,5.0,0.527,0.3,0.9,0.36200000000000004,0.7,1.0,0.737,0.8,2.3,3.1,2.3,0.3,0.3,1.3,1.3,6.4,PF,1064,564,27.0,3.6,7.2,0.493,0.4,1.3,0.336,1.0,1.4,0.7170000000000001,1.2,3.2,4.4,3.5,0.6,0.5,1.8,2.1,8.6
Kendrick Perkins,2570,2012-13,145,-72,True,OKC,28,78,25.1,1.8,4.0,0.457,0.0,0.0,0.0,0.6,0.9,0.611,1.4,4.6,6.0,1.4,0.6,1.1,1.4,2.9,4.2,C,782,565,21.9,2.2,4.1,0.53,0.0,0.0,0.0,1.0,1.7,0.594,1.7,4.1,5.8,1.0,0.3,1.2,1.6,2.7,5.4
Leandro Barbosa,2571,2014-15,229,-11,True,GSW,32,66,14.9,2.8,5.8,0.474,0.7,1.7,0.384,0.9,1.1,0.784,0.3,1.0,1.4,1.5,0.6,0.1,0.7,1.3,7.1,SG,850,112,21.6,4.0,8.7,0.45899999999999996,1.2,3.0,0.387,1.5,1.8,0.821,0.4,1.6,2.0,2.1,0.8,0.1,1.2,1.9,10.6
Josh Howard,2572,2006-07,42,-6,True,DAL,27,70,35.1,7.0,15.4,0.45899999999999996,1.3,3.4,0.385,3.5,4.2,0.8270000000000001,1.9,4.9,6.8,1.8,1.2,0.8,1.8,2.6,18.9,SF,507,403,30.3,5.4,12.2,0.44799999999999995,0.7,2.0,0.332,2.8,3.6,0.77,1.7,4.0,5.7,1.6,1.0,0.5,1.4,2.6,14.3
Steve Blake,2581,2009-10,144,-53,True,TOT,30,80,27.0,2.7,6.5,0.41600000000000004,1.5,3.7,0.395,0.5,0.6,0.75,0.3,2.1,2.3,4.8,0.7,0.1,1.6,1.5,7.3,PG,870,347,23.9,2.4,5.9,0.401,1.2,3.1,0.38299999999999995,0.6,0.7,0.779,0.3,1.8,2.1,4.0,0.7,0.1,1.4,1.5,6.5
Willie Green,2584,2009-10,169,-17,True,PHI,28,73,21.3,3.4,7.4,0.457,0.6,1.9,0.34600000000000003,1.3,1.6,0.833,0.3,1.5,1.8,2.1,0.4,0.2,0.9,1.8,8.7,SG,731,297,20.2,3.3,7.8,0.425,0.7,2.0,0.34600000000000003,1.0,1.3,0.765,0.3,1.5,1.8,1.4,0.5,0.1,1.0,1.7,8.3
Zaza Pachulia,2585,2015-16,66,-64,True,DAL,32,76,26.4,2.9,6.2,0.466,0.0,0.0,0.0,2.8,3.6,0.768,3.3,6.2,9.4,1.7,0.8,0.3,1.6,2.4,8.6,C,1098,516,20.3,2.4,5.1,0.469,0.0,0.0,0.0,2.0,2.7,0.7509999999999999,2.2,3.6,5.8,1.3,0.7,0.3,1.3,2.5,6.8
Keith Bogans,2586,2009-10,197,-1,True,SAS,30,79,19.7,1.5,3.8,0.40299999999999997,0.9,2.5,0.35700000000000004,0.5,0.6,0.74,0.3,1.9,2.2,1.2,0.6,0.2,0.7,2.0,4.4,SG,671,333,21.7,2.2,5.6,0.39399999999999996,1.1,3.0,0.353,0.9,1.2,0.716,0.6,2.1,2.7,1.3,0.6,0.1,0.9,1.8,6.3
Matt Bonner,2588,2013-14,251,-14,True,SAS,34,61,11.3,1.2,2.7,0.445,0.7,1.6,0.429,0.1,0.2,0.75,0.3,1.9,2.1,0.5,0.2,0.2,0.3,0.8,3.2,PF,792,112,16.9,2.2,4.8,0.46399999999999997,1.0,2.4,0.414,0.4,0.5,0.78,0.8,2.2,3.0,0.7,0.4,0.3,0.4,1.7,5.8
Mo Williams,2590,2008-09,56,-6,True,CLE,26,81,35.0,6.5,13.9,0.467,2.3,5.2,0.436,2.6,2.8,0.912,0.6,2.9,3.4,4.1,0.9,0.1,2.2,2.7,17.8,PG,818,525,29.2,5.0,11.4,0.434,1.3,3.5,0.37799999999999995,1.9,2.2,0.871,0.5,2.3,2.8,4.9,0.9,0.1,2.3,2.5,13.2
James Jones,2592,2005-06,126,-63,True,PHX,25,75,23.6,3.2,7.7,0.418,1.5,3.8,0.386,1.4,1.6,0.851,0.6,2.8,3.4,0.8,0.5,0.7,0.5,1.9,9.3,SF,709,93,15.7,1.7,4.2,0.401,1.1,2.7,0.401,0.7,0.9,0.84,0.3,1.5,1.8,0.5,0.3,0.3,0.3,1.3,5.2
Kyle Korver,2594,2014-15,76,-82,True,ATL,34,75,32.2,3.9,8.0,0.48700000000000004,2.9,6.0,0.49200000000000005,1.4,1.6,0.898,0.2,3.9,4.1,2.6,0.7,0.6,1.4,1.9,12.1,SG,1232,423,25.3,3.3,7.5,0.442,2.0,4.6,0.429,1.1,1.2,0.877,0.3,2.7,3.0,1.7,0.7,0.3,1.0,2.0,9.7
Udonis Haslem,2617,2011-12,115,-50,True,MIA,32,64,24.8,2.4,5.6,0.423,0.0,0.0,0.0,1.3,1.6,0.8140000000000001,1.8,5.5,7.3,0.7,0.5,0.4,0.9,2.2,6.0,PF,877,501,24.7,3.0,6.2,0.489,0.0,0.1,0.095,1.4,1.9,0.7559999999999999,1.8,4.8,6.6,0.8,0.5,0.3,0.9,2.4,7.5
Dwight Howard,2730,2020-21,109,-39,True,PHI,35,69,17.3,2.6,4.4,0.5870000000000001,0.1,0.3,0.25,1.8,3.0,0.5760000000000001,2.8,5.7,8.4,0.9,0.4,0.9,1.6,2.9,7.0,C,1242,1078,31.8,5.7,9.7,0.5870000000000001,0.0,0.1,0.214,4.3,7.6,0.5670000000000001,3.3,8.4,11.8,1.3,0.9,1.8,2.7,3.1,15.7
Emeka Okafor,2731,2008-09,40,-23,True,CHA,26,82,32.8,5.3,9.4,0.561,0.0,0.0,0.0,2.7,4.5,0.593,3.4,6.7,10.1,0.6,0.6,1.7,1.8,3.0,13.2,C,616,603,30.9,4.9,9.5,0.512,0.0,0.0,0.0,2.2,3.8,0.586,3.2,6.5,9.7,0.8,0.7,1.6,1.6,2.8,12.0
Shaun Livingston,2733,2015-16,178,-49,True,GSW,30,78,19.5,2.6,4.9,0.536,0.0,0.2,0.16699999999999998,1.0,1.2,0.86,0.5,1.6,2.2,3.0,0.7,0.3,1.0,1.8,6.3,PG,833,191,20.6,2.6,5.3,0.486,0.0,0.1,0.17800000000000002,1.1,1.4,0.794,0.6,1.8,2.4,3.0,0.7,0.4,1.2,1.8,6.3
Devin Harris,2734,2017-18,201,-44,True,TOT,35,71,18.9,2.6,6.4,0.41200000000000003,1.1,3.2,0.348,2.0,2.4,0.835,0.2,1.6,1.8,2.1,0.7,0.2,1.1,2.2,8.4,PG,985,448,24.3,3.5,8.2,0.43200000000000005,0.8,2.6,0.325,2.8,3.6,0.7959999999999999,0.3,1.9,2.2,3.9,1.0,0.2,1.7,2.2,10.8
Luol Deng,2736,2012-13,53,-12,True,CHI,28,75,38.7,6.2,14.6,0.426,1.0,3.1,0.322,3.1,3.8,0.816,2.2,4.2,6.3,3.0,1.1,0.4,1.9,1.4,16.5,SF,902,828,34.3,5.7,12.5,0.456,0.7,2.2,0.332,2.7,3.5,0.769,1.6,4.4,6.1,2.3,1.0,0.5,1.6,1.7,14.8
Andre Iguodala,2738,2013-14,89,-54,True,GSW,30,63,32.4,3.5,7.3,0.48,1.0,2.8,0.354,1.4,2.1,0.652,0.8,3.8,4.7,4.2,1.5,0.3,1.6,1.6,9.3,SF,1226,784,32.2,4.1,8.9,0.46299999999999997,0.9,2.7,0.33,2.3,3.3,0.7090000000000001,0.9,4.0,4.9,4.2,1.4,0.5,1.8,1.8,11.4
Al Jefferson,2744,2013-14,11,-19,True,CHA,29,73,35.0,9.6,18.8,0.509,0.0,0.2,0.2,2.6,3.8,0.69,2.1,8.7,10.8,2.1,0.9,1.1,1.7,2.4,21.8,C,915,651,28.7,6.7,13.5,0.499,0.0,0.1,0.121,2.2,3.1,0.711,2.2,6.2,8.4,1.5,0.7,1.2,1.3,2.6,15.7
JR Smith,2747,2012-13,58,-46,True,NYK,27,80,33.5,6.6,15.6,0.42200000000000004,1.9,5.5,0.35600000000000004,3.0,3.9,0.762,0.8,4.5,5.3,2.7,1.3,0.3,1.7,2.8,18.1,SG,977,395,26.9,4.5,10.7,0.419,2.0,5.3,0.373,1.5,2.0,0.733,0.5,2.6,3.1,2.1,1.0,0.2,1.3,2.2,12.4
Jameer Nelson,2749,2013-14,87,-96,True,ORL,32,68,32.0,4.3,11.0,0.39399999999999996,2.0,5.8,0.348,1.4,1.6,0.857,0.4,3.0,3.4,7.0,0.8,0.1,2.4,2.1,12.1,PG,878,640,27.9,4.3,9.9,0.436,1.3,3.6,0.368,1.4,1.7,0.81,0.5,2.5,3.0,5.1,0.9,0.1,2.1,2.5,11.3
Tony Allen,2754,2014-15,133,-19,True,MEM,33,63,26.2,3.6,7.2,0.495,0.2,0.5,0.345,1.3,2.0,0.627,1.6,2.8,4.4,1.4,2.0,0.5,1.4,2.6,8.6,SG,820,441,22.0,3.2,6.6,0.475,0.2,0.5,0.282,1.7,2.3,0.7090000000000001,1.2,2.3,3.5,1.3,1.4,0.4,1.4,2.4,8.1
Sasha Vujacic,2756,2007-08,181,-5,True,LAL,24,72,17.8,3.0,6.7,0.45399999999999996,1.6,3.8,0.43700000000000006,1.1,1.3,0.835,0.3,1.9,2.1,1.0,0.5,0.1,0.7,1.5,8.8,SG,581,58,15.3,1.9,4.7,0.39,0.9,2.5,0.36700000000000005,0.7,0.8,0.858,0.4,1.5,1.9,1.3,0.6,0.1,0.6,1.5,5.3
Beno Udrih,2757,2010-11,62,-102,True,SAC,28,79,34.6,5.2,10.4,0.5,0.8,2.3,0.35700000000000004,2.5,2.9,0.8640000000000001,0.5,2.8,3.4,4.9,1.2,0.1,1.8,2.3,13.7,PG,831,272,21.9,3.3,7.1,0.46299999999999997,0.6,1.6,0.349,1.2,1.5,0.833,0.4,1.7,2.1,3.4,0.7,0.1,1.4,1.5,8.4
Trevor Ariza,2772,2018-19,86,-69,True,TOT,33,69,34.0,4.3,10.7,0.39899999999999997,2.1,6.3,0.33399999999999996,1.9,2.4,0.7929999999999999,0.7,4.7,5.4,3.7,1.3,0.3,1.5,1.9,12.5,SF,1118,769,29.5,3.7,8.8,0.42200000000000004,1.4,4.1,0.35100000000000003,1.5,2.1,0.731,1.0,3.8,4.8,2.1,1.5,0.3,1.3,2.0,10.4
Damien Wilkins,2863,2006-07,148,-26,True,SEA,27,82,24.8,3.2,7.3,0.435,0.6,1.5,0.41,1.8,2.1,0.882,1.1,1.7,2.8,1.9,1.1,0.2,1.4,1.9,8.8,SF,582,150,18.9,2.3,5.4,0.426,0.4,1.1,0.327,1.2,1.6,0.7829999999999999,0.8,1.6,2.3,1.4,0.7,0.2,0.9,1.6,6.2
Andrew Bogut,101106,2014-15,64,-21,True,GSW,30,67,23.6,3.0,5.3,0.563,0.0,0.0,0.0,0.3,0.6,0.524,2.1,6.0,8.1,2.7,0.6,1.7,1.6,2.8,6.3,C,706,661,28.1,4.2,7.9,0.535,0.0,0.0,0.12,1.2,2.1,0.557,2.5,6.2,8.7,2.2,0.6,1.5,1.7,3.1,9.6
Marvin Williams,101107,2018-19,121,-92,True,CHA,33,75,28.4,3.7,8.7,0.42200000000000004,1.9,5.1,0.366,0.9,1.1,0.767,1.0,4.4,5.4,1.2,0.9,0.8,0.6,2.1,10.1,SF,1072,828,28.1,3.7,8.3,0.44299999999999995,1.0,2.7,0.361,1.9,2.4,0.8079999999999999,1.2,4.0,5.2,1.3,0.8,0.5,1.0,2.0,10.2
Chris Paul,101108,2015-16,8,-8,True,LAC,31,74,32.7,7.0,15.1,0.462,1.6,4.4,0.371,4.0,4.4,0.8959999999999999,0.5,3.7,4.2,10.0,2.1,0.2,2.6,2.5,19.5,PG,1181,1181,34.5,6.4,13.5,0.47200000000000003,1.3,3.6,0.369,4.0,4.5,0.87,0.6,3.9,4.5,9.5,2.1,0.2,2.4,2.4,18.0
Raymond Felton,101109,2015-16,146,-59,True,DAL,32,80,27.4,3.5,8.5,0.406,0.8,2.7,0.282,1.9,2.2,0.847,0.5,2.8,3.2,3.6,0.9,0.2,1.5,1.8,9.5,PG,971,659,29.7,4.2,10.3,0.41200000000000003,1.0,2.9,0.32899999999999996,1.8,2.2,0.79,0.6,2.4,3.0,5.2,1.2,0.2,2.1,1.9,11.2
Channing Frye,101112,2013-14,118,-73,True,PHX,31,82,28.2,4.1,9.5,0.43200000000000005,2.0,5.3,0.37,1.0,1.2,0.821,0.9,4.2,5.1,1.2,0.7,0.8,1.1,3.0,11.1,PF,890,445,22.2,3.3,7.5,0.44,1.2,3.0,0.38799999999999996,1.0,1.2,0.8220000000000001,0.9,3.6,4.5,1.0,0.5,0.6,0.9,2.5,8.7
Deron Williams,101114,2015-16,78,-47,True,DAL,32,65,32.4,4.9,11.9,0.414,1.5,4.3,0.344,2.8,3.2,0.8690000000000001,0.3,2.6,2.9,5.8,0.9,0.2,2.3,2.4,14.1,PG,845,771,34.2,5.8,13.0,0.445,1.4,3.9,0.35700000000000004,3.4,4.1,0.8220000000000001,0.4,2.7,3.1,8.1,1.0,0.2,2.8,2.5,16.3
Gerald Green,101123,2014-15,190,-40,True,PHX,29,74,19.5,4.4,10.5,0.41600000000000004,1.9,5.2,0.354,1.3,1.6,0.825,0.4,2.1,2.5,1.2,0.6,0.2,1.4,2.0,11.9,SG,658,118,19.8,3.5,8.4,0.41700000000000004,1.5,4.1,0.361,1.3,1.5,0.818,0.5,2.0,2.5,0.9,0.5,0.3,1.1,1.9,9.7
Jarrett Jack,101127,2012-13,78,-74,True,GSW,29,79,29.7,4.9,10.8,0.452,1.0,2.6,0.40399999999999997,2.1,2.5,0.843,0.3,2.8,3.1,5.6,0.8,0.1,2.0,1.7,12.9,PG,867,399,27.8,3.9,8.9,0.44,0.7,2.1,0.34299999999999997,2.3,2.7,0.855,0.3,2.5,2.9,4.6,0.8,0.1,2.0,1.8,10.8
Ian Mahinmi,101133,2013-14,232,36,True,IND,27,77,16.2,1.2,2.5,0.48100000000000004,0.0,0.0,0.0,1.2,1.9,0.621,1.4,1.9,3.3,0.3,0.5,0.9,0.8,2.7,3.5,C,618,133,16.7,1.9,3.6,0.5329999999999999,0.0,0.1,0.16,1.3,2.1,0.612,1.5,2.9,4.4,0.6,0.6,0.7,1.0,2.6,5.2
David Lee,101135,2012-13,5,-14,True,GSW,30,79,36.8,7.6,14.7,0.519,0.0,0.1,0.0,3.2,4.1,0.797,2.8,8.5,11.2,3.5,0.8,0.3,2.6,3.1,18.5,PF,829,505,29.3,5.5,10.3,0.535,0.0,0.0,0.034,2.5,3.2,0.772,2.6,6.2,8.8,2.2,0.8,0.4,1.8,2.6,13.5
CJ Miles,101139,2016-17,163,-44,True,IND,30,76,23.4,3.7,8.5,0.434,2.2,5.4,0.413,1.1,1.2,0.903,0.4,2.6,3.0,0.6,0.6,0.3,0.5,2.0,10.7,SF,849,303,20.4,3.4,8.3,0.41100000000000003,1.5,4.1,0.358,1.3,1.6,0.809,0.4,1.9,2.4,1.1,0.7,0.3,0.9,2.1,9.6
Ersan Ilyasova,101141,2017-18,101,-96,True,TOT,31,69,25.1,4.0,8.9,0.452,1.3,3.7,0.36,1.5,2.0,0.778,1.7,4.2,5.9,1.3,0.9,0.4,1.0,2.3,10.9,PF,825,424,23.0,3.8,8.5,0.44299999999999995,1.1,2.9,0.36700000000000005,1.5,1.9,0.777,1.7,4.0,5.6,1.1,0.7,0.4,1.0,2.4,10.1
Lou Williams,101150,2019-20,76,-85,True,LAC,33,65,28.7,6.0,14.4,0.418,1.7,4.8,0.35200000000000004,4.5,5.2,0.861,0.5,2.6,3.1,5.6,0.7,0.2,2.8,1.2,18.2,SG,1123,122,24.1,4.5,10.7,0.419,1.3,3.7,0.35100000000000003,3.6,4.3,0.8420000000000001,0.4,1.8,2.2,3.4,0.8,0.2,1.7,1.3,13.9
Marcin Gortat,101162,2016-17,46,-39,True,WAS,33,82,31.2,4.8,8.2,0.579,0.0,0.0,0.0,1.3,1.9,0.648,2.9,7.5,10.4,1.5,0.5,0.7,1.5,2.6,10.8,C,806,587,25.7,4.2,7.7,0.551,0.0,0.0,0.15,1.4,2.1,0.68,2.2,5.8,7.9,1.1,0.5,1.1,1.2,2.2,9.9
Jose Calderon,101181,2012-13,68,-32,True,TOT,31,73,29.6,4.3,8.7,0.491,1.8,3.9,0.461,1.0,1.1,0.9,0.3,2.1,2.4,7.1,0.8,0.1,1.7,1.4,11.3,PG,895,591,26.4,3.4,7.2,0.47200000000000003,1.0,2.5,0.40700000000000003,1.0,1.2,0.873,0.3,2.1,2.4,5.8,0.8,0.1,1.5,1.6,8.9
Chuck Hayes,101236,2012-13,181,-67,True,SAC,30,74,16.3,1.1,2.6,0.442,0.0,0.0,0.0,0.4,0.6,0.625,1.5,2.5,4.0,1.5,0.4,0.2,0.6,1.5,2.7,C,644,244,18.3,1.6,3.3,0.498,0.0,0.0,0.0,0.5,0.8,0.62,1.7,3.3,5.0,1.2,0.7,0.4,0.7,2.3,3.7
LaMarcus Aldridge,200746,2014-15,9,-18,True,POR,29,71,35.4,9.3,19.9,0.466,0.5,1.5,0.35200000000000004,4.3,5.1,0.845,2.5,7.7,10.2,1.7,0.7,1.0,1.7,1.8,23.4,PF,1076,997,33.7,7.7,15.7,0.493,0.2,0.7,0.32,3.4,4.2,0.813,2.6,5.5,8.1,1.9,0.7,1.1,1.5,2.4,19.1
Randy Foye,200751,2015-16,251,3,True,TOT,32,81,20.3,2.1,6.0,0.35100000000000003,0.9,3.1,0.3,0.8,0.9,0.8240000000000001,0.3,1.6,1.9,2.0,0.5,0.4,1.1,1.6,5.9,SG,752,433,25.6,3.6,9.0,0.401,1.5,4.0,0.366,1.6,1.9,0.852,0.3,1.9,2.2,2.8,0.7,0.3,1.5,2.1,10.3
Rudy Gay,200752,2018-19,65,-63,True,SAS,32,69,26.7,5.4,10.8,0.504,1.1,2.7,0.402,1.7,2.1,0.816,0.9,5.9,6.8,2.6,0.8,0.5,1.7,2.3,13.7,SF,1096,779,31.2,6.0,13.4,0.452,1.1,3.1,0.34700000000000003,2.8,3.5,0.7979999999999999,1.3,4.4,5.7,2.1,1.1,0.7,2.0,2.3,16.0
JJ Redick,200755,2018-19,88,-30,True,PHI,35,76,31.3,5.9,13.5,0.44,3.2,8.0,0.397,3.0,3.4,0.894,0.3,2.2,2.4,2.7,0.4,0.2,1.3,1.7,18.1,SG,940,488,25.5,4.3,9.5,0.447,2.1,5.0,0.415,2.2,2.5,0.892,0.2,1.8,2.0,2.0,0.4,0.1,1.1,1.5,12.8
Thabo Sefolosha,200757,2012-13,122,-59,True,OKC,29,81,27.5,2.8,5.8,0.48100000000000004,1.3,3.2,0.419,0.7,0.9,0.826,0.7,3.2,3.9,1.5,1.3,0.5,0.8,2.2,7.6,SG,869,475,21.9,2.2,4.9,0.449,0.6,1.7,0.349,0.7,1.0,0.732,0.7,3.0,3.7,1.4,1.1,0.4,0.9,1.6,5.7
Rajon Rondo,200765,2015-16,26,-67,True,SAC,30,72,35.2,4.9,10.9,0.45399999999999996,0.9,2.4,0.365,1.2,2.1,0.58,1.1,5.0,6.0,11.7,2.0,0.1,3.9,2.4,11.9,PG,957,733,29.9,4.1,8.9,0.456,0.5,1.4,0.324,1.2,1.9,0.611,1.0,3.6,4.5,7.9,1.6,0.1,2.7,2.1,9.8
Kyle Lowry,200768,2021-22,46,-33,True,MIA,36,63,33.9,4.4,10.0,0.44,2.3,6.1,0.377,2.3,2.8,0.851,0.5,4.0,4.5,7.5,1.1,0.3,2.7,2.8,13.4,PG,1059,823,32.0,4.7,11.1,0.424,1.9,5.3,0.36700000000000005,3.3,4.1,0.815,0.8,3.6,4.4,6.3,1.3,0.3,2.4,2.8,14.7
P.J. Tucker,200782,2021-22,128,-97,True,MIA,37,71,27.9,2.9,6.0,0.484,1.1,2.7,0.415,0.6,0.9,0.738,1.4,4.0,5.5,2.1,0.8,0.2,0.9,2.3,7.6,PF,818,622,28.9,2.5,5.9,0.425,1.0,2.8,0.364,0.9,1.2,0.7490000000000001,1.5,4.1,5.6,1.4,1.1,0.3,1.0,2.5,6.9
Paul Millsap,200794,2011-12,15,-24,True,UTA,27,64,32.8,6.7,13.5,0.495,0.1,0.5,0.226,3.2,4.0,0.792,2.8,6.0,8.8,2.3,1.8,0.8,1.8,3.5,16.6,PF,1085,746,28.1,5.0,10.3,0.489,0.5,1.5,0.341,2.8,3.9,0.736,2.2,4.9,7.1,2.2,1.2,1.0,1.7,3.0,13.4
J.J. Barea,200826,2012-13,136,-66,True,MIN,29,74,23.1,4.3,10.2,0.41700000000000004,1.3,3.8,0.34600000000000003,1.4,1.8,0.784,0.5,2.3,2.8,4.0,0.4,0.0,2.0,1.8,11.3,PG,831,108,19.6,3.4,8.0,0.424,1.0,2.8,0.35200000000000004,1.1,1.4,0.794,0.3,1.8,2.1,3.9,0.4,0.0,1.5,1.4,8.9
Kevin Durant,201142,2022-23,4,-192,True,BKN,34,39,36.0,10.5,18.8,0.5589999999999999,1.8,4.8,0.376,6.8,7.3,0.934,0.4,6.4,6.7,5.3,0.8,1.5,3.5,2.4,29.7,SF,978,975,36.7,9.3,18.7,0.498,1.9,4.9,0.384,6.7,7.6,0.8859999999999999,0.7,6.4,7.1,4.3,1.1,1.1,3.2,1.9,27.3
Al Horford,201143,2021-22,49,-40,True,BOS,36,69,29.1,3.9,8.2,0.467,1.3,3.8,0.336,1.2,1.4,0.8420000000000001,1.6,6.1,7.7,3.4,0.7,1.3,0.9,1.9,10.2,C,985,975,32.1,5.6,11.0,0.514,0.7,1.9,0.36700000000000005,1.6,2.1,0.759,2.0,6.1,8.1,3.3,0.8,1.2,1.5,2.2,13.5
Mike Conley,201144,2021-22,76,-26,True,UTA,34,72,28.6,4.8,11.0,0.435,2.3,5.8,0.408,1.8,2.3,0.7959999999999999,0.7,2.4,3.0,5.3,1.3,0.3,1.7,2.0,13.7,PG,993,956,31.9,5.2,11.9,0.43799999999999994,1.6,4.1,0.381,2.7,3.3,0.8190000000000001,0.5,2.5,3.0,5.7,1.4,0.2,2.0,2.0,14.7
Jeff Green,201145,2015-16,133,-73,True,TOT,29,80,28.2,4.4,10.3,0.43,0.8,2.7,0.315,2.1,2.8,0.745,0.9,3.2,4.2,1.7,0.7,0.5,1.2,2.1,11.7,SF,1075,650,28.8,4.5,10.1,0.449,1.0,3.0,0.33799999999999997,2.4,3.0,0.804,0.9,3.4,4.3,1.5,0.7,0.5,1.4,2.2,12.5
Corey Brewer,201147,2014-15,136,-95,True,TOT,29,80,26.1,4.3,10.1,0.426,0.8,2.9,0.268,2.1,2.8,0.743,1.0,2.7,3.7,2.2,1.4,0.2,1.6,2.2,11.5,SG,819,310,22.9,3.3,7.7,0.425,0.6,2.2,0.284,1.5,2.1,0.713,0.7,2.0,2.8,1.5,1.2,0.3,1.2,2.2,8.7
Joakim Noah,201149,2013-14,13,-33,True,CHI,29,80,35.2,4.8,10.0,0.475,0.0,0.0,0.0,3.1,4.2,0.737,3.5,7.7,11.3,5.4,1.2,1.5,2.4,3.1,12.6,C,672,512,27.7,3.3,6.8,0.491,0.0,0.0,0.0,2.1,2.9,0.7,3.2,5.8,9.0,2.8,0.8,1.3,1.7,2.8,8.8
Thaddeus Young,201152,2018-19,69,-79,True,IND,31,81,30.7,5.5,10.4,0.527,0.6,1.8,0.349,1.1,1.7,0.644,2.4,4.1,6.5,2.5,1.5,0.4,1.5,2.4,12.6,PF,1120,720,28.9,5.4,10.7,0.502,0.5,1.4,0.33,1.3,1.9,0.6629999999999999,2.0,3.8,5.8,1.8,1.4,0.4,1.4,2.2,12.5
Nick Young,201156,2016-17,145,-89,True,LAL,32,60,25.9,4.5,10.6,0.43,2.8,7.0,0.40399999999999997,1.3,1.5,0.856,0.4,1.9,2.3,1.0,0.6,0.2,0.6,2.3,13.2,SG,720,201,22.8,4.0,9.6,0.418,1.4,3.8,0.376,1.9,2.3,0.836,0.4,1.6,2.0,1.0,0.5,0.2,1.0,1.8,11.4
Marco Belinelli,201158,2018-19,187,-57,True,SAS,33,79,23.0,3.6,8.7,0.413,1.9,5.0,0.37200000000000005,1.4,1.6,0.903,0.2,2.3,2.5,1.7,0.4,0.1,0.9,1.5,10.5,SG,860,219,22.7,3.4,8.1,0.424,1.4,3.8,0.376,1.5,1.7,0.846,0.2,1.8,2.1,1.7,0.6,0.1,1.0,1.4,9.7
Jason Smith,201160,2015-16,205,-9,True,ORL,30,76,15.5,3.2,6.6,0.485,0.1,0.2,0.25,0.7,0.9,0.8059999999999999,0.7,2.2,2.9,0.8,0.4,0.9,0.8,2.1,7.2,PF,616,104,16.3,2.6,5.5,0.46799999999999997,0.1,0.4,0.33299999999999996,0.9,1.1,0.7829999999999999,1.1,2.3,3.4,0.7,0.3,0.7,0.8,2.2,6.1
Jared Dudley,201162,2012-13,112,-101,True,PHX,27,79,27.5,4.0,8.5,0.46799999999999997,1.3,3.4,0.391,1.6,2.1,0.7959999999999999,1.0,2.1,3.1,2.6,0.9,0.1,1.3,1.6,10.9,SF,904,286,22.3,2.7,5.7,0.46299999999999997,1.0,2.5,0.39299999999999996,1.0,1.4,0.732,0.9,2.3,3.2,1.5,0.8,0.2,0.8,1.8,7.3
Wilson Chandler,201163,2016-17,67,-48,True,DEN,30,71,30.9,6.1,13.2,0.461,1.5,4.6,0.337,2.0,2.7,0.727,1.5,5.0,6.5,2.0,0.7,0.4,1.6,2.4,15.7,SF,676,483,30.0,4.8,10.9,0.44299999999999995,1.3,3.8,0.341,1.6,2.0,0.77,1.1,4.2,5.3,1.8,0.7,0.6,1.4,2.7,12.5
Aaron Brooks,201166,2014-15,162,-77,True,CHI,30,82,23.0,4.2,10.0,0.42100000000000004,1.5,3.8,0.387,1.8,2.1,0.833,0.4,1.6,2.0,3.2,0.7,0.2,1.9,2.3,11.6,PG,645,183,20.8,3.5,8.5,0.413,1.3,3.4,0.37,1.4,1.7,0.8370000000000001,0.4,1.3,1.7,3.0,0.6,0.1,1.6,1.9,9.7
Marc Gasol,201188,2017-18,27,-17,True,MEM,33,73,33.0,5.9,14.2,0.42,1.5,4.4,0.341,3.8,4.6,0.8340000000000001,1.1,7.0,8.1,4.2,0.7,1.4,2.7,2.5,17.2,C,891,866,32.2,5.2,10.8,0.48100000000000004,0.5,1.3,0.36,3.2,4.1,0.7759999999999999,1.6,5.8,7.4,3.4,0.9,1.4,2.0,2.9,14.0
C.J. Watson,201228,2012-13,175,-40,True,BKN,29,80,19.0,2.4,5.7,0.418,1.1,2.7,0.41100000000000003,0.9,1.1,0.78,0.5,1.3,1.8,2.0,0.8,0.2,0.9,1.5,6.8,PG,600,104,20.2,2.5,6.0,0.419,0.8,2.1,0.373,1.4,1.7,0.812,0.4,1.6,1.9,2.5,0.9,0.1,1.1,1.5,7.2
Anthony Tolliver,201229,2017-18,173,-75,True,DET,33,79,22.2,2.8,6.0,0.46399999999999997,2.0,4.6,0.436,1.3,1.7,0.797,0.6,2.4,3.1,1.1,0.4,0.3,0.7,1.8,8.9,PF,730,105,19.4,2.0,4.8,0.414,1.2,3.2,0.373,0.9,1.2,0.7709999999999999,0.7,2.6,3.3,0.9,0.4,0.3,0.6,1.6,6.1
Russell Westbrook,201566,2020-21,4,-34,True,WAS,32,65,36.4,8.4,19.0,0.439,1.3,4.2,0.315,4.2,6.4,0.6559999999999999,1.7,9.9,11.5,11.7,1.4,0.4,4.8,2.9,22.2,PG,1062,1007,34.5,8.1,18.4,0.43700000000000006,1.1,3.7,0.304,5.3,6.8,0.7809999999999999,1.6,5.7,7.4,8.4,1.6,0.3,4.1,2.6,22.5
Kevin Love,201567,2021-22,66,-62,True,CLE,33,74,22.5,4.4,10.3,0.43,2.5,6.4,0.392,2.2,2.7,0.838,1.2,6.1,7.2,2.2,0.4,0.2,1.3,1.4,13.6,PF,849,662,30.4,5.7,12.9,0.439,1.8,4.9,0.37200000000000005,4.1,4.9,0.83,2.5,8.0,10.5,2.3,0.6,0.4,1.9,2.0,17.2
Danilo Gallinari,201568,2019-20,62,-39,True,OKC,31,62,29.6,5.8,13.2,0.43799999999999994,2.9,7.1,0.405,4.3,4.8,0.893,0.5,4.6,5.2,1.9,0.7,0.1,1.2,1.2,18.7,SF,728,563,29.9,4.7,11.1,0.428,2.0,5.1,0.382,4.1,4.7,0.877,0.7,4.1,4.8,1.9,0.7,0.4,1.2,1.8,15.6
Eric Gordon,201569,2017-18,100,-39,True,HOU,29,69,31.2,6.0,14.1,0.428,3.2,8.8,0.359,2.8,3.5,0.809,0.4,2.1,2.5,2.2,0.6,0.4,1.9,1.7,18.0,SG,787,608,32.3,5.5,12.8,0.428,2.3,6.2,0.37,2.9,3.5,0.81,0.4,2.0,2.4,2.8,0.8,0.3,1.9,1.8,16.2
D.J. Augustin,201571,2018-19,101,-57,True,ORL,31,81,28.0,3.9,8.4,0.47,1.6,3.8,0.42100000000000004,2.2,2.6,0.866,0.5,2.0,2.5,5.3,0.6,0.0,1.6,1.4,11.7,PG,976,334,23.4,3.1,7.4,0.41200000000000003,1.3,3.4,0.381,2.1,2.4,0.867,0.3,1.6,1.8,3.9,0.6,0.0,1.5,1.4,9.5
Robin Lopez,201577,2018-19,144,-99,True,CHI,31,74,21.7,4.1,7.2,0.568,0.1,0.4,0.226,1.2,1.7,0.7240000000000001,1.9,2.0,3.9,1.2,0.1,1.1,1.3,1.7,9.5,C,964,604,21.6,3.6,6.7,0.537,0.1,0.2,0.298,1.3,1.8,0.742,2.2,2.6,4.8,0.8,0.2,1.1,1.1,1.9,8.6
Courtney Lee,201584,2012-13,156,-10,True,BOS,27,78,24.9,3.2,6.8,0.46399999999999997,0.7,2.0,0.37200000000000005,0.8,0.9,0.861,0.4,2.0,2.4,1.8,1.1,0.3,1.1,1.8,7.8,SG,811,518,27.1,3.7,8.1,0.451,1.1,2.8,0.38799999999999996,1.2,1.4,0.853,0.4,2.2,2.6,1.7,1.0,0.3,0.9,1.7,9.6
Serge Ibaka,201586,2014-15,39,-28,True,OKC,25,64,33.1,5.8,12.3,0.47600000000000003,1.2,3.2,0.376,1.4,1.7,0.836,2.1,5.7,7.8,0.9,0.5,2.4,1.5,3.0,14.3,PF,919,697,27.3,5.0,9.7,0.513,0.7,1.9,0.359,1.4,1.8,0.757,2.1,5.0,7.1,0.8,0.4,1.9,1.3,2.7,12.0
Nicolas Batum,201587,2021-22,133,-49,True,LAC,33,59,24.8,3.0,6.6,0.46299999999999997,1.8,4.6,0.4,0.4,0.6,0.6579999999999999,0.5,3.8,4.3,1.7,1.0,0.7,0.7,1.4,8.3,SF,957,815,30.3,3.9,8.9,0.43700000000000006,1.6,4.4,0.364,1.5,1.8,0.833,1.0,4.1,5.1,3.4,0.9,0.6,1.6,1.7,10.9
George Hill,201588,2017-18,143,-48,True,TOT,32,67,27.0,3.5,7.7,0.46,1.3,3.1,0.415,1.6,2.1,0.7859999999999999,0.6,2.1,2.7,2.8,0.9,0.4,1.3,1.9,10.0,PG,901,483,27.0,3.7,8.2,0.456,1.2,3.1,0.379,1.9,2.4,0.805,0.6,2.4,3.0,3.1,0.9,0.3,1.2,1.9,10.5
DeAndre Jordan,201599,2018-19,29,-29,True,TOT,30,69,29.7,4.1,6.5,0.6409999999999999,0.0,0.0,0.0,2.7,3.8,0.705,3.3,9.8,13.1,2.3,0.6,1.1,2.2,2.4,11.0,C,1010,780,26.4,3.6,5.4,0.674,0.0,0.0,0.154,1.7,3.6,0.475,3.0,7.2,10.2,0.9,0.5,1.5,1.4,2.5,9.0
Luc Mbah a Moute,201601,2014-15,164,-99,True,PHI,28,67,28.6,3.7,9.5,0.395,0.9,3.0,0.307,1.4,2.4,0.589,1.2,3.7,4.9,1.6,1.2,0.3,1.5,1.6,9.9,SF,689,453,23.3,2.4,5.4,0.45399999999999996,0.3,0.9,0.33399999999999996,1.2,1.8,0.659,1.4,2.7,4.1,0.9,0.9,0.4,0.9,1.8,6.4
Goran Dragic,201609,2013-14,26,-25,True,PHX,28,76,35.1,7.3,14.4,0.505,1.6,3.9,0.408,4.2,5.5,0.76,0.9,2.3,3.2,5.9,1.4,0.3,2.8,2.7,20.3,PG,929,530,27.3,4.9,10.7,0.46,1.2,3.4,0.36200000000000004,2.4,3.1,0.765,0.7,2.3,3.0,4.7,0.9,0.2,2.2,2.3,13.5
James Johnson,201949,2020-21,177,-18,True,TOT,34,51,20.5,2.9,6.4,0.446,0.6,2.4,0.258,0.9,1.5,0.5920000000000001,0.6,2.8,3.5,1.9,0.8,0.8,1.1,2.4,7.2,SF,758,243,20.3,3.0,6.4,0.474,0.5,1.7,0.302,1.1,1.6,0.679,0.8,2.8,3.5,2.1,0.8,0.9,1.4,2.3,7.6
Jeff Teague,201952,2019-20,127,-81,True,TOT,32,59,24.8,3.6,8.3,0.436,0.7,2.0,0.368,2.9,3.3,0.873,0.5,1.9,2.4,5.2,0.7,0.3,2.0,1.8,10.9,PG,826,600,26.8,4.3,9.7,0.444,0.9,2.4,0.36,2.7,3.2,0.8440000000000001,0.3,2.1,2.4,5.6,1.1,0.3,2.2,1.9,12.2
Taj Gibson,201959,2018-19,84,-106,True,MIN,34,70,24.1,4.3,7.7,0.5660000000000001,0.2,0.5,0.324,1.9,2.5,0.757,2.5,4.1,6.5,1.2,0.8,0.6,1.0,2.7,10.8,PF,922,449,24.1,3.7,7.1,0.518,0.1,0.2,0.254,1.5,2.1,0.713,2.2,3.8,6.0,1.0,0.6,1.0,1.1,2.5,8.9
DeMarre Carroll,201960,2017-18,75,-67,True,BKN,31,73,29.9,4.5,10.8,0.414,2.0,5.4,0.371,2.6,3.4,0.764,1.4,5.1,6.6,2.0,0.8,0.4,1.4,2.3,13.5,SF,578,339,23.7,3.1,7.3,0.43,1.1,3.2,0.358,1.5,2.1,0.741,1.1,3.1,4.2,1.3,0.9,0.3,0.9,1.9,8.9
Wayne Ellington,201961,2016-17,195,27,True,MIA,29,62,24.2,3.7,9.0,0.41600000000000004,2.4,6.4,0.37799999999999995,0.6,0.7,0.86,0.3,1.8,2.1,1.1,0.6,0.1,0.5,1.1,10.5,SG,770,206,20.9,2.9,7.1,0.41,1.6,4.1,0.382,0.7,0.8,0.843,0.3,1.8,2.1,1.1,0.5,0.1,0.7,1.1,8.0
Patrick Beverley,201976,2021-22,95,-91,True,MIN,33,58,25.4,3.1,7.5,0.406,1.4,4.2,0.34299999999999997,1.7,2.3,0.722,1.1,3.1,4.1,4.6,1.2,0.9,1.3,3.0,9.2,SG,561,473,27.3,3.0,7.3,0.413,1.6,4.1,0.376,1.1,1.4,0.759,1.1,3.1,4.2,3.4,1.1,0.5,1.3,3.1,8.7
Danny Green,201980,2020-21,132,-80,True,PHI,34,69,28.0,3.2,7.9,0.41200000000000003,2.5,6.3,0.405,0.4,0.6,0.775,0.8,3.0,3.8,1.7,1.3,0.8,1.0,1.8,9.5,SG,819,709,25.3,3.1,7.3,0.42100000000000004,1.9,4.8,0.39899999999999997,0.7,0.8,0.804,0.6,2.8,3.4,1.6,1.0,0.8,1.0,1.8,8.7
Patty Mills,201988,2018-19,170,-9,True,SAS,30,82,23.3,3.4,8.1,0.425,1.9,4.9,0.39399999999999996,1.1,1.3,0.8540000000000001,0.3,1.9,2.2,3.0,0.6,0.1,1.1,1.6,9.9,PG,846,106,20.5,3.2,7.6,0.42700000000000005,1.7,4.5,0.39,0.8,1.0,0.856,0.3,1.4,1.7,2.3,0.6,0.1,1.0,1.3,9.1
Garrett Temple,202066,2020-21,186,-35,True,CHI,35,56,27.3,2.8,6.8,0.415,1.2,3.6,0.335,0.7,0.9,0.8,0.5,2.3,2.9,2.2,0.8,0.5,1.0,2.3,7.6,SF,705,287,21.1,2.2,5.6,0.402,1.0,2.9,0.344,0.8,1.1,0.74,0.4,1.9,2.3,1.7,0.8,0.3,0.9,1.9,6.3
Wesley Matthews,202083,2014-15,70,-68,True,POR,28,60,33.7,5.6,12.5,0.44799999999999995,2.9,7.4,0.389,1.8,2.4,0.752,0.6,3.1,3.7,2.3,1.3,0.2,1.4,2.2,15.9,SG,925,754,30.0,4.1,9.7,0.42,1.9,5.2,0.377,1.8,2.2,0.8240000000000001,0.5,2.3,2.8,1.9,1.0,0.2,1.1,2.1,11.9
Ed Davis,202334,2014-15,66,-33,True,LAL,26,79,23.3,3.6,5.9,0.601,0.0,0.0,0.0,1.2,2.4,0.48700000000000004,2.9,4.7,7.6,1.2,0.6,1.2,0.7,2.6,8.3,PF,722,106,19.1,2.5,4.3,0.5670000000000001,0.0,0.0,0.0,1.0,1.8,0.583,2.2,4.2,6.4,0.7,0.5,0.8,0.7,2.4,5.9
Nemanja Bjelica,202357,2021-22,178,-8,True,GSW,34,71,16.1,2.3,4.8,0.46799999999999997,0.8,2.1,0.36200000000000004,0.8,1.1,0.728,0.9,3.3,4.1,2.2,0.6,0.4,1.2,1.8,6.1,PF,449,162,20.4,2.8,6.1,0.466,1.1,2.9,0.384,0.8,1.0,0.759,1.1,3.5,4.6,1.8,0.6,0.4,1.0,2.4,7.6
Ish Smith,202397,2016-17,127,11,True,DET,28,81,24.1,4.1,9.2,0.439,0.3,1.3,0.267,0.9,1.3,0.706,0.3,2.6,2.9,5.2,0.8,0.4,1.4,1.6,9.4,PG,739,167,19.6,3.2,7.4,0.43,0.4,1.3,0.325,0.7,1.0,0.6759999999999999,0.4,2.1,2.4,3.8,0.7,0.3,1.2,1.3,7.5
Markieff Morris,202693,2017-18,93,-65,True,WAS,28,73,27.0,4.5,9.4,0.48,1.0,2.8,0.36700000000000005,1.4,1.8,0.82,1.0,4.6,5.6,1.9,0.8,0.5,1.7,3.0,11.5,PF,735,377,24.4,4.1,9.3,0.446,0.9,2.5,0.344,1.6,2.1,0.778,1.2,3.9,5.1,1.6,0.8,0.5,1.5,2.7,10.8
Marcus Morris Sr.,202694,2022-23,107,-64,True,LAC,33,41,29.5,5.0,11.2,0.441,2.1,5.5,0.382,1.3,1.6,0.8029999999999999,0.5,4.2,4.8,1.7,0.7,0.5,1.0,2.3,13.3,PF,759,478,27.2,4.6,10.5,0.436,1.6,4.3,0.37799999999999995,1.7,2.2,0.774,0.9,3.7,4.6,1.5,0.7,0.3,1.2,2.2,12.5
Jimmy Butler,202710,2017-18,15,-18,True,MIN,28,59,36.7,7.4,15.6,0.474,1.2,3.4,0.35,6.2,7.2,0.8540000000000001,1.3,4.0,5.3,4.9,2.0,0.4,1.8,1.3,22.2,SG,721,616,33.2,5.8,12.6,0.46299999999999997,0.8,2.5,0.321,5.5,6.5,0.8420000000000001,1.6,3.8,5.3,4.2,1.7,0.5,1.6,1.4,17.9
Bojan Bogdanovic,202711,2019-20,75,-16,True,UTA,31,63,33.1,6.6,14.8,0.447,3.0,7.3,0.414,4.0,4.4,0.903,0.6,3.5,4.1,2.1,0.5,0.1,2.5,1.7,20.2,SF,647,530,29.2,5.3,11.6,0.45899999999999996,2.1,5.3,0.39399999999999996,2.7,3.1,0.8640000000000001,0.5,3.1,3.6,1.6,0.6,0.1,1.7,1.6,15.4
Pablo Prigioni,203143,2013-14,195,-39,True,NYK,37,66,19.4,1.3,2.9,0.461,1.0,2.1,0.46399999999999997,0.2,0.2,0.917,0.5,1.4,2.0,3.5,1.0,0.0,0.9,2.0,3.8,PG,270,51,16.9,1.2,2.9,0.425,0.8,2.0,0.379,0.3,0.3,0.872,0.5,1.3,1.9,2.8,1.0,0.0,1.0,1.6,3.5
Aron Baynes,203382,2015-16,182,-27,True,DET,29,81,15.2,2.4,4.7,0.505,0.0,0.0,0.0,1.6,2.0,0.764,1.7,3.0,4.7,0.6,0.3,0.6,0.8,1.9,6.3,C,522,168,16.0,2.4,4.9,0.489,0.2,0.7,0.308,1.0,1.2,0.794,1.5,3.0,4.6,0.8,0.2,0.5,0.9,2.2,6.0
Dewayne Dedmon,203473,2017-18,64,-10,True,ATL,28,62,24.9,4.0,7.7,0.524,0.8,2.3,0.355,1.1,1.4,0.779,1.6,6.3,7.9,1.5,0.6,0.8,1.4,2.6,10.0,C,506,209,17.4,2.5,4.8,0.527,0.4,1.1,0.336,1.0,1.3,0.735,1.5,4.3,5.8,0.7,0.5,0.8,1.0,2.5,6.4
Joe Ingles,204060,2018-19,81,-29,True,UTA,31,82,31.3,4.4,9.8,0.44799999999999995,2.3,5.9,0.391,1.1,1.5,0.7070000000000001,0.4,3.6,4.0,5.7,1.2,0.2,2.4,2.2,12.1,SF,602,313,25.6,3.0,6.8,0.44799999999999995,1.8,4.5,0.406,0.7,0.9,0.769,0.3,2.9,3.2,3.7,0.9,0.2,1.6,1.9,8.6
